{"type": "FeatureCollection", "features": [{"type": "Feature", "geometry": {"type": "Polygon", "coordinates": [[[-122.23603719127, 37.7984129604834], [-122.233136189511, 37.7965959597346], [-122.230613190201, 37.7974809594754], [-122.231905189478, 37.795956959727], [-122.228423189277, 37.7938769591431], [-122.226698189105, 37.793549959457], [-122.22843118847, 37.7913809587198], [-122.229014188631, 37.7908259585813], [-122.230214188755, 37.7901779584851], [-122.230927188252, 37.7894459599006], [-122.237560189622, 37.7934989588884], [-122.236878189224, 37.7942519589813], [-122.237964190452, 37.7949529590217], [-122.239106190075, 37.7945139588533], [-122.239846189937, 37.7951409586357], [-122.237134190401, 37.7970569587962], [-122.23603719127, 37.7984129604834]]]}, "properties": {"tract": 6001405800, "pop": 4370, "burdenP": 56.6, "dpm": 0.143, "dpmP": 49.5, "pm25": 9.41, "asthma_rate": 89.8, "asthmaP": 89.5, "hispanic_pct": 17.05, "white_pct": 15.01, "black_pct": 21.6, "asian_pct": 43.38, "native_pct": 1.3, "other_pct": 1.65, "poverty_pct": 50.9}}, {"type": "Feature", "geometry": {"type": "Polygon", "coordinates": [[[-122.264310195591, 37.8059299582021], [-122.266471195852, 37.8025019576937], [-122.271287196686, 37.804365957472], [-122.266784196773, 37.8115579581459], [-122.265434196813, 37.8114729585541], [-122.262476195364, 37.810949958094], [-122.263093196106, 37.8109319586662], [-122.262770195713, 37.8101309580781], [-122.263176195337, 37.8089039582508], [-122.263430195863, 37.808616957527], [-122.263924195498, 37.8082659584502], [-122.264557196129, 37.8081299587694], [-122.264576195355, 37.8079499590084], [-122.266031196307, 37.8069629587984], [-122.265462196094, 37.8063429582969], [-122.264310195591, 37.8059299582021]]]}, "properties": {"tract": 6001402900, "pop": 1406, "burdenP": 69.7, "dpm": 0.959, "dpmP": 97.9, "pm25": 9.92, "asthma_rate": 122.7, "asthmaP": 96.2, "hispanic_pct": 17.64, "white_pct": 21.55, "black_pct": 17.14, "asian_pct": 37.55, "native_pct": 0.21, "other_pct": 5.9, "poverty_pct": 50.3}}, {"type": "Feature", "geometry": {"type": "Polygon", "coordinates": [[[-122.203373182266, 37.7624399588993], [-122.205624182198, 37.7608509585908], [-122.200835180236, 37.7567869587876], [-122.202522181371, 37.756081958167], [-122.201115180995, 37.7548889581063], [-122.201498180085, 37.7546169583846], [-122.202176180323, 37.7548079584481], [-122.203154180732, 37.754753958328], [-122.205189181266, 37.7542359578962], [-122.207550180384, 37.7531529572074], [-122.214865182749, 37.7614729577157], [-122.218125182758, 37.7596609574915], [-122.223792183575, 37.7544329563318], [-122.223996184264, 37.7595349570016], [-122.22514018513, 37.7643679573552], [-122.223769185162, 37.7655839581693], [-122.214807183797, 37.77238095897], [-122.199515180932, 37.7651539596431], [-122.203373182266, 37.7624399588993]]]}, "properties": {"tract": 6001407300, "pop": 2420, "burdenP": 97.8, "dpm": 0.633, "dpmP": 94.0, "pm25": 9.08, "asthma_rate": 113.3, "asthmaP": 95.3, "hispanic_pct": 63.72, "white_pct": 11.82, "black_pct": 10.99, "asian_pct": 10.25, "native_pct": 0.12, "other_pct": 3.1, "poverty_pct": 50.1}}, {"type": "Feature", "geometry": {"type": "Polygon", "coordinates": [[[-122.241728198137, 37.857252963928], [-122.239372197337, 37.8571879641603], [-122.237720197776, 37.8573149647571], [-122.237019196606, 37.8576569647532], [-122.234956197077, 37.8574989646698], [-122.234576196192, 37.8563659644193], [-122.234198195594, 37.8525479643701], [-122.246152198335, 37.851815962624], [-122.248626198361, 37.8514529625998], [-122.249758198817, 37.8514539624213], [-122.250951199306, 37.8511929630097], [-122.252547199926, 37.8511089623635], [-122.25311220029, 37.8570929636439], [-122.252169199685, 37.8572539633549], [-122.252321200381, 37.8574709628683], [-122.252133199533, 37.85765496316], [-122.244311198524, 37.8581459643528], [-122.243294198262, 37.8579929641943], [-122.242084198386, 37.8575299637148], [-122.241728198137, 37.857252963928]]]}, "properties": {"tract": 6001423800, "pop": 2986, "burdenP": 2.6, "dpm": 0.256, "dpmP": 71.1, "pm25": 9.08, "asthma_rate": 31.7, "asthmaP": 28.0, "hispanic_pct": 6.36, "white_pct": 79.44, "black_pct": 2.38, "asian_pct": 7.07, "native_pct": 0, "other_pct": 4.76, "poverty_pct": 8.3}}, {"type": "Feature", "geometry": {"type": "Polygon", "coordinates": [[[-122.227225195258, 37.8448739644045], [-122.224840193469, 37.8416879640611], [-122.225792193956, 37.8420839636974], [-122.226784194145, 37.8428339642102], [-122.227255195021, 37.8429319636962], [-122.227931194277, 37.8428799643684], [-122.228933195256, 37.8424309641239], [-122.230637195511, 37.842502963532], [-122.231747195738, 37.8427899640015], [-122.234577195035, 37.8424789631303], [-122.235367195186, 37.8422359636253], [-122.236235195128, 37.8413519632561], [-122.236833194611, 37.8410309632247], [-122.239469195884, 37.840901962829], [-122.241246195675, 37.839901962976], [-122.243862195997, 37.8393729628001], [-122.249239197699, 37.8372329622362], [-122.250823197301, 37.8371399613471], [-122.243322196956, 37.8492099627368], [-122.244057197232, 37.8502619628566], [-122.242440197649, 37.8508379633546], [-122.242021197086, 37.8514009634986], [-122.241938197804, 37.852021963533], [-122.234097195704, 37.852522963633], [-122.233464195181, 37.8519959636027], [-122.232414196075, 37.850702963544], [-122.231580196185, 37.8502449634505], [-122.231580196425, 37.8497209636494], [-122.228632195218, 37.8490269640838], [-122.23072719576, 37.848914963963], [-122.227835195371, 37.847572963424], [-122.22771619461, 37.846009964374], [-122.227225195258, 37.8448739644045]]]}, "properties": {"tract": 6001404300, "pop": 3443, "burdenP": 1.2, "dpm": 0.554, "dpmP": 91.6, "pm25": 9.25, "asthma_rate": 18.6, "asthmaP": 7.4, "hispanic_pct": 12, "white_pct": 65.29, "black_pct": 1.66, "asian_pct": 13.56, "native_pct": 0, "other_pct": 7.49, "poverty_pct": 3.6}}, {"type": "Feature", "geometry": {"type": "Polygon", "coordinates": [[[-122.221487189236, 37.8078819621021], [-122.228351190156, 37.8047039610982], [-122.228905190358, 37.8045759609688], [-122.228855190079, 37.8044419608337], [-122.231183190785, 37.8026099599529], [-122.23405419054, 37.8048249602468], [-122.236589191612, 37.8061859602544], [-122.242034192549, 37.808640960102], [-122.241880192863, 37.8083129599466], [-122.246517193779, 37.8098459593906], [-122.246079193133, 37.8101179595747], [-122.243302193414, 37.8110599598592], [-122.240284192071, 37.8088409597084], [-122.239454192035, 37.8083759601866], [-122.23815819123, 37.8079239603354], [-122.237213190855, 37.8070569609837], [-122.235005190801, 37.8072049606427], [-122.233021190156, 37.8068929604573], [-122.232079190828, 37.8072129608408], [-122.230410191613, 37.8072789610728], [-122.227586190485, 37.8081569611459], [-122.225060190448, 37.8099569608397], [-122.223507190197, 37.810437960973], [-122.222671189622, 37.8109139613026], [-122.22193419028, 37.8117319611185], [-122.221650189872, 37.8127669618523], [-122.220918189993, 37.8133209620271], [-122.220172189319, 37.8135349619181], [-122.21726218905, 37.8129089618076], [-122.215187188619, 37.8122809621774], [-122.215811188949, 37.8112199615837], [-122.21792818833, 37.809326961301], [-122.221487189236, 37.8078819621021]]]}, "properties": {"tract": 6001405000, "pop": 3394, "burdenP": 7.5, "dpm": 0.159, "dpmP": 53.6, "pm25": 9.28, "asthma_rate": 40.2, "asthmaP": 41.8, "hispanic_pct": 7.4, "white_pct": 61.58, "black_pct": 11.73, "asian_pct": 10.99, "native_pct": 0, "other_pct": 8.31, "poverty_pct": 8.8}}, {"type": "Feature", "geometry": {"type": "Polygon", "coordinates": [[[-122.291942200458, 37.8103909564943], [-122.293703200056, 37.8050839558296], [-122.292329199203, 37.8047939565171], [-122.291821200081, 37.8042729560351], [-122.290621199494, 37.8037889560707], [-122.291114198811, 37.8025309561256], [-122.29637020009, 37.8019129559905], [-122.298202201034, 37.8020549554533], [-122.299711200868, 37.8024069552149], [-122.301788201505, 37.803377955441], [-122.303352200268, 37.8046889558403], [-122.304425201693, 37.8063569556687], [-122.304901201441, 37.8080969547226], [-122.304039201668, 37.8073929560273], [-122.302459202464, 37.806986955645], [-122.302372201631, 37.8071909556501], [-122.301828202308, 37.8069039562408], [-122.298270200826, 37.8060939560872], [-122.289682200512, 37.8168399569806], [-122.289984201025, 37.8156299568959], [-122.291942200458, 37.8103909564943]]]}, "properties": {"tract": 6001402200, "pop": 2477, "burdenP": 93.1, "dpm": 0.756, "dpmP": 96.2, "pm25": 9.72, "asthma_rate": 152.4, "asthmaP": 99.0, "hispanic_pct": 16.23, "white_pct": 29.87, "black_pct": 31.77, "asian_pct": 16.35, "native_pct": 1.25, "other_pct": 4.52, "poverty_pct": 46}}, {"type": "Feature", "geometry": {"type": "Polygon", "coordinates": [[[-122.193237185519, 37.8105059628635], [-122.190986185279, 37.8096549640835], [-122.188891184445, 37.8098269635983], [-122.186897183403, 37.8093139643225], [-122.18499718405, 37.8097279643234], [-122.184097183255, 37.8097519643628], [-122.182071184308, 37.8092659645713], [-122.181028183819, 37.8086649643722], [-122.180481183575, 37.8080519651141], [-122.179226182624, 37.8050729644731], [-122.178715182605, 37.8044369642375], [-122.177373182957, 37.8033209643006], [-122.176594181853, 37.8037019649092], [-122.175299181902, 37.8031669641857], [-122.175703182094, 37.802238964171], [-122.171746181244, 37.8003049640228], [-122.170823180192, 37.7997009643296], [-122.170430180821, 37.7970919637907], [-122.170767180197, 37.7965169643043], [-122.171619180294, 37.7962289635971], [-122.17215718104, 37.7963319638962], [-122.173435180861, 37.7971179639781], [-122.174057181423, 37.7971769633938], [-122.174494181104, 37.7970639637941], [-122.174915181435, 37.7966819632596], [-122.17600818171, 37.7946359637305], [-122.176769181598, 37.7942689635481], [-122.177428181732, 37.7942779628752], [-122.177908181409, 37.794452962739], [-122.179922182568, 37.795951963635], [-122.182482182404, 37.7964899635188], [-122.182869183175, 37.796820962957], [-122.183402181638, 37.7977299629505], [-122.185382182089, 37.7984939633162], [-122.186576182234, 37.7997139629516], [-122.190164183806, 37.8028129634753], [-122.194875185355, 37.8082599635313], [-122.197804186433, 37.810593962531], [-122.197424185857, 37.8109279633877], [-122.195802185339, 37.8109979627587], [-122.193237185519, 37.8105059628635]]]}, "properties": {"tract": 6001408000, "pop": 2700, "burdenP": 2.7, "dpm": 0.174, "dpmP": 57.2, "pm25": 8.85, "asthma_rate": 46.2, "asthmaP": 50.8, "hispanic_pct": 12.48, "white_pct": 54.67, "black_pct": 9.26, "asian_pct": 18.55, "native_pct": 0.44, "other_pct": 4.59, "poverty_pct": 7.3}}, {"type": "Feature", "geometry": {"type": "Polygon", "coordinates": [[[-122.246517193779, 37.8098459593906], [-122.241880192863, 37.8083129599466], [-122.242034192549, 37.808640960102], [-122.24177219272, 37.8085419601416], [-122.235429190276, 37.8056289606835], [-122.233410189706, 37.8043799602248], [-122.234758189875, 37.8034089602241], [-122.237757191088, 37.8030749602742], [-122.240176191723, 37.8025579596391], [-122.24236519126, 37.8023249595817], [-122.243754192435, 37.8019029593695], [-122.245876192221, 37.8015949592485], [-122.247091193121, 37.8011809593471], [-122.248424193107, 37.8004479586265], [-122.249331192969, 37.8048279597772], [-122.250610193649, 37.8052419590566], [-122.249266193376, 37.8082589597915], [-122.249029193345, 37.8085129602764], [-122.246517193779, 37.8098459593906]]]}, "properties": {"tract": 6001405200, "pop": 5183, "burdenP": 42.1, "dpm": 0.31, "dpmP": 77.5, "pm25": 9.58, "asthma_rate": 49.4, "asthmaP": 55.8, "hispanic_pct": 15.84, "white_pct": 38.26, "black_pct": 8.99, "asian_pct": 32.03, "native_pct": 0.29, "other_pct": 4.59, "poverty_pct": 23.1}}, {"type": "Feature", "geometry": {"type": "Polygon", "coordinates": [[[-122.289696202812, 37.8351309582705], [-122.291254202435, 37.8347249583396], [-122.291681203349, 37.8375779585842], [-122.292442203952, 37.840662959457], [-122.295105205633, 37.8489119589476], [-122.288927204505, 37.8499779594554], [-122.288594203737, 37.8495699596845], [-122.28463320137, 37.8367029589122], [-122.289847202548, 37.8354969590664], [-122.289696202812, 37.8351309582705]]]}, "properties": {"tract": 6001425103, "pop": 2795, "burdenP": 44.6, "dpm": 0.838, "dpmP": 97.1, "pm25": 9.36, "asthma_rate": 119.2, "asthmaP": 95.8, "hispanic_pct": 7.48, "white_pct": 43.61, "black_pct": 15.31, "asian_pct": 26.33, "native_pct": 0.07, "other_pct": 7.19, "poverty_pct": 13.8}}, {"type": "Feature", "geometry": {"type": "Polygon", "coordinates": [[[-122.291524202813, 37.830489958014], [-122.291037202588, 37.8301979576097], [-122.293201203267, 37.8313769574569], [-122.294341203694, 37.8323599579281], [-122.296638204117, 37.8378659584229], [-122.298835205823, 37.8481179583015], [-122.296426205836, 37.848747958774], [-122.295105205633, 37.8489119589476], [-122.292924204425, 37.8422639592379], [-122.291801203054, 37.8381759586755], [-122.291361203046, 37.8356379584228], [-122.291028202557, 37.8320589580238], [-122.291037202843, 37.8310649580801], [-122.291524202813, 37.830489958014]]]}, "properties": {"tract": 6001425102, "pop": 3906, "burdenP": 52.4, "dpm": 1.44, "dpmP": 99.4, "pm25": 9.46, "asthma_rate": 119.2, "asthmaP": 95.8, "hispanic_pct": 8.99, "white_pct": 34.02, "black_pct": 8.32, "asian_pct": 41.78, "native_pct": 0.2, "other_pct": 6.68, "poverty_pct": 13}}, {"type": "Feature", "geometry": {"type": "Polygon", "coordinates": [[[-122.296638204117, 37.8378659584229], [-122.294341203694, 37.8323599579281], [-122.303303087327, 37.8344224623182], [-122.301391597784, 37.8473250157601], [-122.298835205823, 37.8481179583015], [-122.296638204117, 37.8378659584229]]]}, "properties": {"tract": 6001425101, "pop": 1659, "burdenP": 61.4, "dpm": 0.669, "dpmP": 94.8, "pm25": 9.46, "asthma_rate": 119.2, "asthmaP": 95.8, "hispanic_pct": 5.85, "white_pct": 58.41, "black_pct": 3.5, "asian_pct": 25.74, "native_pct": 0.3, "other_pct": 6.21, "poverty_pct": 16.6}}, {"type": "Feature", "geometry": {"type": "Polygon", "coordinates": [[[-122.247612195558, 37.8265089617077], [-122.248131195185, 37.8248199609723], [-122.250263195849, 37.8228799607383], [-122.253779196351, 37.8254669603964], [-122.25345419652, 37.825719960709], [-122.254977197197, 37.8269089606154], [-122.256755195878, 37.8276329600942], [-122.256216196125, 37.8284879604944], [-122.254033197049, 37.8276669599274], [-122.25246619618, 37.8263779609112], [-122.249366196214, 37.8287059610616], [-122.247811195877, 37.8271189616654], [-122.247612195558, 37.8265089617077]]]}, "properties": {"tract": 6001404102, "pop": 2653, "burdenP": 20.3, "dpm": 0.15, "dpmP": 51.1, "pm25": 9.58, "asthma_rate": 37.2, "asthmaP": 36.7, "hispanic_pct": 9.88, "white_pct": 66.49, "black_pct": 4.71, "asian_pct": 12.77, "native_pct": 1.36, "other_pct": 4.79, "poverty_pct": 26.9}}, {"type": "Feature", "geometry": {"type": "Polygon", "coordinates": [[[-122.248856309133, 37.8106920594899], [-122.2481401941, 37.8103109596899], [-122.246517193779, 37.8098459593906], [-122.249161194103, 37.8083959599819], [-122.25010819387, 37.809122958929], [-122.251161193811, 37.8086769586976], [-122.252787194155, 37.8087519588431], [-122.252953194935, 37.8079779593754], [-122.253350195142, 37.8077379597916], [-122.255070195329, 37.8077369589751], [-122.256014193847, 37.8074679589949], [-122.256342193638, 37.8082499592632], [-122.256231193864, 37.8089359581577], [-122.255402195598, 37.8106659585677], [-122.252954194288, 37.8105039589525], [-122.250778193997, 37.8110269592484], [-122.250426194666, 37.8112269589839], [-122.249451193601, 37.8105409588575], [-122.250356194834, 37.8113909593363], [-122.250724194771, 37.8127879596152], [-122.249874194536, 37.8114989594271], [-122.248856309133, 37.8106920594899]]]}, "properties": {"tract": 6001403702, "pop": 1930, "burdenP": 25.5, "dpm": 0.388, "dpmP": 84.1, "pm25": 9.59, "asthma_rate": 45.7, "asthmaP": 50.0, "hispanic_pct": 9.79, "white_pct": 51.92, "black_pct": 15.03, "asian_pct": 17.67, "native_pct": 0, "other_pct": 5.6, "poverty_pct": 22.3}}, {"type": "Feature", "geometry": {"type": "Polygon", "coordinates": [[[-122.258118194792, 37.8133779590393], [-122.256567194975, 37.8120529588454], [-122.256350194589, 37.8114249591435], [-122.256427194561, 37.8109249589649], [-122.255402195598, 37.8106659585677], [-122.256171193747, 37.8090169587228], [-122.258148194781, 37.8092709583561], [-122.25927219433, 37.8097669579747], [-122.260390195128, 37.8106099584995], [-122.262476195364, 37.810949958094], [-122.261508195251, 37.8130389583968], [-122.260880195839, 37.8124109585369], [-122.26042719532, 37.8124039585667], [-122.259816195422, 37.8126789589812], [-122.258906195182, 37.8135519588382], [-122.258118194792, 37.8133779590393]]]}, "properties": {"tract": 6001403701, "pop": 2968, "burdenP": 23.3, "dpm": 0.276, "dpmP": 73.8, "pm25": 9.74, "asthma_rate": 44.0, "asthmaP": 47.5, "hispanic_pct": 12.2, "white_pct": 43.03, "black_pct": 26.75, "asian_pct": 12.6, "native_pct": 0, "other_pct": 5.42, "poverty_pct": 23.7}}, {"type": "Feature", "geometry": {"type": "Polygon", "coordinates": [[[-122.254899195986, 37.8192639598148], [-122.254168196048, 37.8186509600249], [-122.254055196306, 37.818735959544], [-122.252853195392, 37.8171119600105], [-122.258099194852, 37.8141799586216], [-122.260131195369, 37.8124899587894], [-122.260880195839, 37.8124109585369], [-122.261508195251, 37.8130389583968], [-122.260118195492, 37.8144569585938], [-122.259148195894, 37.8151959586652], [-122.258174195911, 37.8167629597587], [-122.255820194815, 37.8182259596853], [-122.254899195986, 37.8192639598148]]]}, "properties": {"tract": 6001403502, "pop": 2044, "burdenP": 37.2, "dpm": 0.709, "dpmP": 95.6, "pm25": 9.74, "asthma_rate": 22.7, "asthmaP": 12.8, "hispanic_pct": 11.94, "white_pct": 42.03, "black_pct": 25.44, "asian_pct": 11.11, "native_pct": 0, "other_pct": 9.49, "poverty_pct": 29.6}}, {"type": "Feature", "geometry": {"type": "Polygon", "coordinates": [[[-122.239066184124, 37.7366739535068], [-122.239958183656, 37.7355349539464], [-122.245673184477, 37.7368949538209], [-122.248596185085, 37.7371499533538], [-122.250163186213, 37.7376999535782], [-122.251491185718, 37.7378909528537], [-122.257142405013, 37.737959525815], [-122.257965770945, 37.739606253142], [-122.257147650026, 37.7450059312568], [-122.252238863687, 37.7476239494921], [-122.248503668138, 37.7489951398288], [-122.236257184415, 37.7485569560253], [-122.236257184742, 37.7474049555126], [-122.235747184047, 37.7469059557452], [-122.236715184031, 37.7456159551812], [-122.237225184114, 37.7444459548135], [-122.236859184561, 37.7436199551609], [-122.237693184336, 37.7431899545436], [-122.237896184563, 37.7424899549674], [-122.237873183366, 37.7413469541856], [-122.239066184124, 37.7366739535068]]]}, "properties": {"tract": 6001428302, "pop": 7424, "burdenP": 15.4, "dpm": 0.178, "dpmP": 57.9, "pm25": 8.98, "asthma_rate": 32.1, "asthmaP": 28.8, "hispanic_pct": 6.45, "white_pct": 41.69, "black_pct": 2.61, "asian_pct": 42.9, "native_pct": 0, "other_pct": 6.34, "poverty_pct": 5.8}}, {"type": "Feature", "geometry": {"type": "Polygon", "coordinates": [[[-122.209904224522, 37.8189257300257], [-122.210161187901, 37.8187329634849], [-122.215501190166, 37.8217389632424], [-122.216315190374, 37.8226089628728], [-122.2185021902, 37.823558962864], [-122.221362191752, 37.8258219635159], [-122.22237219244, 37.8276179636822], [-122.224499192131, 37.8302439627507], [-122.222902192258, 37.8307539630201], [-122.221979192492, 37.8324349627509], [-122.22147519273, 37.8326499634154], [-122.217971192185, 37.8330059635827], [-122.215634190856, 37.8321269634732], [-122.21526219072, 37.8317859638032], [-122.215794190921, 37.8312649630428], [-122.212647189905, 37.8280949642673], [-122.207378188858, 37.8216519635712], [-122.208572188664, 37.8199249635438], [-122.209904224522, 37.8189257300257]]]}, "properties": {"tract": 6001404501, "pop": 1809, "burdenP": 2.4, "dpm": 0.254, "dpmP": 70.7, "pm25": 9.07, "asthma_rate": 30.0, "asthmaP": 24.9, "hispanic_pct": 6.69, "white_pct": 66.39, "black_pct": 6.74, "asian_pct": 12.05, "native_pct": 0, "other_pct": 8.13, "poverty_pct": 3.4}}, {"type": "Feature", "geometry": {"type": "Polygon", "coordinates": [[[-122.172532205794, 37.747228879363], [-122.170502174783, 37.7444759601437], [-122.176960175479, 37.7413689592872], [-122.18157417487, 37.73783995787], [-122.190744177491, 37.745819958663], [-122.188593177679, 37.7473819589117], [-122.186151177167, 37.7488179592312], [-122.185888176262, 37.7491609594097], [-122.185449176492, 37.7484329590155], [-122.185087177017, 37.7486019595449], [-122.183334175598, 37.7464669593385], [-122.181432176778, 37.747535959062], [-122.174982175504, 37.7505509600067], [-122.172532205794, 37.747228879363]]]}, "properties": {"tract": 6001409400, "pop": 4780, "burdenP": 88.3, "dpm": 0.358, "dpmP": 81.9, "pm25": 8.41, "asthma_rate": 186.2, "asthmaP": 99.6, "hispanic_pct": 69.6, "white_pct": 4.52, "black_pct": 15.23, "asian_pct": 9.58, "native_pct": 0, "other_pct": 1.07, "poverty_pct": 56.5}}, {"type": "Feature", "geometry": {"type": "Polygon", "coordinates": [[[-122.263528201203, 37.8557369619476], [-122.268369201432, 37.8550689619321], [-122.269233202298, 37.8546099613002], [-122.269693201962, 37.8546309615167], [-122.270034201758, 37.8544459614231], [-122.271174201756, 37.8542729612152], [-122.27217420361, 37.8633569628171], [-122.265290201854, 37.8642699635978], [-122.263528201203, 37.8557369619476]]]}, "properties": {"tract": 6001423500, "pop": 3426, "burdenP": 26.5, "dpm": 0.28, "dpmP": 74.2, "pm25": 9.23, "asthma_rate": 38.3, "asthmaP": 38.5, "hispanic_pct": 14.21, "white_pct": 47.52, "black_pct": 20.2, "asian_pct": 13.72, "native_pct": 0, "other_pct": 4.35, "poverty_pct": 38.6}}, {"type": "Feature", "geometry": {"type": "Polygon", "coordinates": [[[-122.271661201346, 37.8484379611843], [-122.271870201993, 37.8472399609833], [-122.271283200992, 37.846566960702], [-122.272860201433, 37.8464369601401], [-122.275401202074, 37.8459649613581], [-122.276247202352, 37.8459649609826], [-122.276480202487, 37.8462609601377], [-122.276765202556, 37.8477029601094], [-122.277800203182, 37.8476059604268], [-122.279134203438, 37.8532919607607], [-122.271174201756, 37.8542729612152], [-122.270827201987, 37.8506719611751], [-122.271661201346, 37.8484379611843]]]}, "properties": {"tract": 6001424001, "pop": 4027, "burdenP": 49.1, "dpm": 0.199, "dpmP": 61.9, "pm25": 9.3, "asthma_rate": 55.7, "asthmaP": 63.5, "hispanic_pct": 16.29, "white_pct": 46.83, "black_pct": 22.15, "asian_pct": 8.64, "native_pct": 0.32, "other_pct": 5.76, "poverty_pct": 36.9}}, {"type": "Feature", "geometry": {"type": "Polygon", "coordinates": [[[-122.286798011123, 37.8521847277914], [-122.289664206155, 37.861108961396], [-122.281239204228, 37.862209961433], [-122.280712205403, 37.8608609617255], [-122.279134203438, 37.8532919607607], [-122.281399202738, 37.8532229602947], [-122.286798011123, 37.8521847277914]]]}, "properties": {"tract": 6001423300, "pop": 3504, "burdenP": 61.6, "dpm": 0.325, "dpmP": 78.9, "pm25": 9.15, "asthma_rate": 84.2, "asthmaP": 87.4, "hispanic_pct": 12.56, "white_pct": 44.41, "black_pct": 25.49, "asian_pct": 9.5, "native_pct": 0.09, "other_pct": 7.96, "poverty_pct": 24.1}}, {"type": "Feature", "geometry": {"type": "Polygon", "coordinates": [[[-122.253676189762, 37.7617009554511], [-122.253811252028, 37.7612374686565], [-122.261470148319, 37.7637904589459], [-122.261544189847, 37.7642479548135], [-122.261882189869, 37.7645619548363], [-122.26369019088, 37.765425954903], [-122.263609190311, 37.7674359550197], [-122.262750190272, 37.7671999555416], [-122.252894188879, 37.762917955256], [-122.253676189762, 37.7617009554511]]]}, "properties": {"tract": 6001428500, "pop": 3097, "burdenP": 24.8, "dpm": 0.154, "dpmP": 52.2, "pm25": 9.28, "asthma_rate": 64.7, "asthmaP": 74.0, "hispanic_pct": 12.82, "white_pct": 41.14, "black_pct": 7.94, "asian_pct": 27.58, "native_pct": 1, "other_pct": 9.53, "poverty_pct": 21.6}}, {"type": "Feature", "geometry": {"type": "Polygon", "coordinates": [[[-122.237986190466, 37.7964649594853], [-122.241707191192, 37.7938299587172], [-122.248997192431, 37.8003279588685], [-122.248050192366, 37.8005859592732], [-122.246717192213, 37.8013369589513], [-122.241684191909, 37.8024039594115], [-122.241675191094, 37.8021019594856], [-122.242974191694, 37.8008779596326], [-122.237986190466, 37.7964649594853]]]}, "properties": {"tract": 6001405500, "pop": 3880, "burdenP": 55.6, "dpm": 0.23, "dpmP": 67.1, "pm25": 9.56, "asthma_rate": 99.3, "asthmaP": 92.4, "hispanic_pct": 9.28, "white_pct": 21.42, "black_pct": 22.42, "asian_pct": 42.53, "native_pct": 0.7, "other_pct": 3.66, "poverty_pct": 29.4}}, {"type": "Feature", "geometry": {"type": "Polygon", "coordinates": [[[-122.254489196373, 37.8203249605434], [-122.254430195862, 37.8200309600072], [-122.255193196332, 37.820031959975], [-122.253692195441, 37.8190059603131], [-122.254168196048, 37.8186509600249], [-122.254899195986, 37.8192639598148], [-122.255820194815, 37.8182259596853], [-122.258013195928, 37.8168949589912], [-122.258525195695, 37.8163299591835], [-122.259148195894, 37.8151959586652], [-122.260047195075, 37.8145259590641], [-122.261595195684, 37.8128829589176], [-122.262476195364, 37.810949958094], [-122.265434196813, 37.8114729585541], [-122.266784196773, 37.8115579581459], [-122.258693196076, 37.8245199603357], [-122.257422196659, 37.8239259605123], [-122.254851196985, 37.8219719599395], [-122.254579196388, 37.821532960299], [-122.254290196305, 37.8203439601913], [-122.254489196373, 37.8203249605434]]]}, "properties": {"tract": 6001403501, "pop": 4492, "burdenP": 49.5, "dpm": 0.732, "dpmP": 95.9, "pm25": 9.77, "asthma_rate": 48.3, "asthmaP": 53.9, "hispanic_pct": 12.27, "white_pct": 37.47, "black_pct": 23.89, "asian_pct": 19.46, "native_pct": 0.53, "other_pct": 6.39, "poverty_pct": 38.2}}, {"type": "Feature", "geometry": {"type": "Polygon", "coordinates": [[[-122.314693201586, 37.7947329534349], [-122.29479319841, 37.7925329543306], [-122.284293197036, 37.7938329551648], [-122.276293196135, 37.7924329560972], [-122.274649196325, 37.7916529553982], [-122.276502196275, 37.7885759565942], [-122.276684196205, 37.7880189560281], [-122.276566194998, 37.7842129557231], [-122.276955195005, 37.7843089552551], [-122.276643194881, 37.7832759551107], [-122.276641194499, 37.7796889546435], [-122.284491195127, 37.7800069547112], [-122.291409196403, 37.7799919542514], [-122.291408196468, 37.7768529538556], [-122.291101195882, 37.776482953182], [-122.291154195616, 37.7748089536157], [-122.290742195625, 37.7739879534173], [-122.290756195305, 37.7710929525907], [-122.291573688061, 37.7701238754563], [-122.294009556385, 37.770420932237], [-122.30435782703, 37.7746368933098], [-122.318922064682, 37.7790444919485], [-122.329091649724, 37.7831451371646], [-122.330984364529, 37.7861445488265], [-122.331761141573, 37.7960572653121], [-122.335564127221, 37.7995433414091], [-122.314693201586, 37.7947329534349]]]}, "properties": {"tract": 6001428700, "pop": 4472, "burdenP": 77.5, "dpm": 0.905, "dpmP": 97.6, "pm25": 9.42, "asthma_rate": 64.7, "asthmaP": 74.0, "hispanic_pct": 16.26, "white_pct": 27.42, "black_pct": 16.82, "asian_pct": 32.67, "native_pct": 0.42, "other_pct": 6.42, "poverty_pct": 32.8}}, {"type": "Feature", "geometry": {"type": "Polygon", "coordinates": [[[-122.328475204657, 37.8083269530039], [-122.327816205052, 37.8076629530368], [-122.323712205225, 37.8080119539498], [-122.322947204644, 37.8082409533751], [-122.321864205165, 37.8089069537596], [-122.320943204337, 37.8092569535848], [-122.319258204325, 37.8092409541395], [-122.31222720277, 37.8086619541322], [-122.31114220275, 37.8090479542762], [-122.310352202824, 37.8087089541893], [-122.306434201996, 37.8079389547643], [-122.304901201441, 37.8080969547226], [-122.30476520107, 37.807295955541], [-122.304109201157, 37.8057429556238], [-122.302874201729, 37.8042119550501], [-122.300919201616, 37.8028989553861], [-122.298863200705, 37.8021859551567], [-122.297633200969, 37.801978955728], [-122.295566200367, 37.8019439560179], [-122.290149198894, 37.8026859564944], [-122.288683198901, 37.8027599564909], [-122.289876198582, 37.799830956161], [-122.290565198502, 37.7993379558844], [-122.294133199233, 37.7987689556846], [-122.298339200506, 37.7977869553163], [-122.300881201014, 37.7973739544282], [-122.300873200862, 37.796953954276], [-122.307756201044, 37.7958209539331], [-122.313225201152, 37.7953079538537], [-122.314693201586, 37.7947329534349], [-122.33568816328, 37.7996570414387], [-122.333724657326, 37.8098018594598], [-122.333357647398, 37.8102872584703], [-122.328717205323, 37.8098629529839], [-122.328475204657, 37.8083269530039]]]}, "properties": {"tract": 6001981900, "pop": 58, "burdenP": 0, "dpm": 0.919, "dpmP": 97.7, "pm25": 9.51, "asthma_rate": 152.4, "asthmaP": 99.0, "hispanic_pct": 13.79, "white_pct": 86.21, "black_pct": 0, "asian_pct": 0, "native_pct": 0, "other_pct": 0, "poverty_pct": null}}, {"type": "Feature", "geometry": {"type": "Polygon", "coordinates": [[[-122.250312195053, 37.8130989594828], [-122.248021194199, 37.8115179596631], [-122.248611193694, 37.8105099594039], [-122.249774194675, 37.8113739590378], [-122.250724194771, 37.8127879596152], [-122.250356194834, 37.8113909593363], [-122.249451193601, 37.8105409588575], [-122.250426194666, 37.8112269589839], [-122.250778193997, 37.8110269592484], [-122.253039195005, 37.8104959590276], [-122.255549194052, 37.8106759586934], [-122.256172194761, 37.8108419583752], [-122.256427194561, 37.8109249589649], [-122.256375195058, 37.8116119589713], [-122.256742194311, 37.8122839593417], [-122.258118194792, 37.8133779590393], [-122.258906195182, 37.8135519588382], [-122.258099194852, 37.8141799586216], [-122.252853195392, 37.8171119600105], [-122.253137195735, 37.8176909601095], [-122.254055196306, 37.818735959544], [-122.253692195441, 37.8190059603131], [-122.25280319569, 37.8182209599513], [-122.251994195006, 37.8171839597444], [-122.250312195053, 37.8130989594828]]]}, "properties": {"tract": 6001403600, "pop": 5570, "burdenP": 50.1, "dpm": 0.424, "dpmP": 86.3, "pm25": 9.59, "asthma_rate": 45.7, "asthmaP": 50.0, "hispanic_pct": 13.91, "white_pct": 29.34, "black_pct": 41.24, "asian_pct": 9.37, "native_pct": 0.23, "other_pct": 5.91, "poverty_pct": 31.1}}, {"type": "Feature", "geometry": {"type": "Polygon", "coordinates": [[[-122.232883191445, 37.8160559615682], [-122.232025190763, 37.8143349608439], [-122.23344819192, 37.8146059610563], [-122.236062191818, 37.8144589607758], [-122.237579192301, 37.8147879601964], [-122.238157191905, 37.8151229606908], [-122.239233192455, 37.8141309605868], [-122.240875192507, 37.8129999601258], [-122.242289192409, 37.811569960153], [-122.242914193393, 37.8112039595257], [-122.246079193133, 37.8101179595747], [-122.246517193779, 37.8098459593906], [-122.248611193694, 37.8105099594039], [-122.24618419348, 37.8146089596242], [-122.244689194023, 37.819266961097], [-122.242609193933, 37.8185569610647], [-122.237604192363, 37.8174239611911], [-122.235278191707, 37.8171039613605], [-122.233291192018, 37.8165499610841], [-122.233426191185, 37.8161399612462], [-122.232883191445, 37.8160559615682]]]}, "properties": {"tract": 6001403800, "pop": 3351, "burdenP": 17.1, "dpm": 0.308, "dpmP": 77.3, "pm25": 9.46, "asthma_rate": 45.7, "asthmaP": 50.0, "hispanic_pct": 3.58, "white_pct": 67.74, "black_pct": 12.98, "asian_pct": 11.82, "native_pct": 0, "other_pct": 3.88, "poverty_pct": 13.4}}, {"type": "Feature", "geometry": {"type": "Polygon", "coordinates": [[[-122.260245200103, 37.8527469622853], [-122.261309199422, 37.8450319622864], [-122.268083200392, 37.8441409609679], [-122.268776201542, 37.8472659608347], [-122.269147200896, 37.8472179610018], [-122.269621201001, 37.8480829612962], [-122.269705200812, 37.8486129606688], [-122.26841920072, 37.8487199607746], [-122.268912202037, 37.8516129614005], [-122.260245200103, 37.8527469622853]]]}, "properties": {"tract": 6001400500, "pop": 4124, "burdenP": 29.7, "dpm": 0.233, "dpmP": 67.6, "pm25": 9.37, "asthma_rate": 86.6, "asthmaP": 88.4, "hispanic_pct": 9.46, "white_pct": 45.44, "black_pct": 21.39, "asian_pct": 11.34, "native_pct": 0, "other_pct": 12.37, "poverty_pct": 21.9}}, {"type": "Feature", "geometry": {"type": "Polygon", "coordinates": [[[-122.26839319445, 37.7880329570956], [-122.25789319117, 37.7842329565369], [-122.256693191553, 37.785432956908], [-122.251294190643, 37.7791399567274], [-122.25164719068, 37.778100956944], [-122.253560191383, 37.7753419563458], [-122.25444219, 37.7757129556711], [-122.255034189644, 37.7748109562289], [-122.257845190964, 37.776041956198], [-122.258978190472, 37.7742749557338], [-122.260341190828, 37.7746499554723], [-122.276809194374, 37.7751389542962], [-122.276643194881, 37.7832759551107], [-122.276955195005, 37.7843089552551], [-122.276566194998, 37.7842129557231], [-122.276684196205, 37.7880189560281], [-122.276502196275, 37.7885759565942], [-122.274649196325, 37.7916529553982], [-122.26839319445, 37.7880329570956]]]}, "properties": {"tract": 6001427300, "pop": 5346, "burdenP": 61.9, "dpm": 0.274, "dpmP": 73.7, "pm25": 9.5, "asthma_rate": 64.7, "asthmaP": 74.0, "hispanic_pct": 10.87, "white_pct": 37.34, "black_pct": 7.22, "asian_pct": 38.29, "native_pct": 0.41, "other_pct": 5.87, "poverty_pct": 20.3}}, {"type": "Feature", "geometry": {"type": "Polygon", "coordinates": [[[-122.261434189726, 37.7638499545623], [-122.264114550376, 37.7646718967771], [-122.275420990576, 37.7673547811362], [-122.279759130015, 37.7682069272076], [-122.278502193233, 37.7683629544048], [-122.27837519296, 37.7714289534801], [-122.272890192701, 37.7712789542677], [-122.27298619267, 37.7692609547282], [-122.271279192234, 37.7685899549816], [-122.270621192301, 37.7685979547813], [-122.268476192021, 37.7677569549206], [-122.261640189631, 37.7643859549652], [-122.261434189726, 37.7638499545623]]]}, "properties": {"tract": 6001428600, "pop": 3454, "burdenP": 25.3, "dpm": 0.073, "dpmP": 27.1, "pm25": 9.26, "asthma_rate": 64.7, "asthmaP": 74.0, "hispanic_pct": 6.02, "white_pct": 42.96, "black_pct": 7.35, "asian_pct": 34.22, "native_pct": 0.26, "other_pct": 9.18, "poverty_pct": 16.9}}, {"type": "Feature", "geometry": {"type": "Polygon", "coordinates": [[[-122.244254187772, 37.7624909556742], [-122.248333489882, 37.757569414681], [-122.2537642124, 37.7612210892476], [-122.253676189762, 37.7617009554511], [-122.252894188879, 37.762917955256], [-122.25576818862, 37.7641779557077], [-122.254007190102, 37.7667509562521], [-122.244254187772, 37.7624909556742]]]}, "properties": {"tract": 6001428400, "pop": 4568, "burdenP": 26.9, "dpm": 0.217, "dpmP": 65.1, "pm25": 9.16, "asthma_rate": 64.7, "asthmaP": 74.0, "hispanic_pct": 17.56, "white_pct": 39.71, "black_pct": 10.75, "asian_pct": 25.35, "native_pct": 0.46, "other_pct": 6.17, "poverty_pct": 18.6}}, {"type": "Feature", "geometry": {"type": "Polygon", "coordinates": [[[-122.240805187171, 37.7665879570925], [-122.244254187772, 37.7624909556742], [-122.254007190102, 37.7667509562521], [-122.251157190095, 37.7708649557934], [-122.243539187996, 37.7675509563983], [-122.240805187171, 37.7665879570925]]]}, "properties": {"tract": 6001428000, "pop": 2877, "burdenP": 56.0, "dpm": 0.272, "dpmP": 73.4, "pm25": 9.26, "asthma_rate": 64.7, "asthmaP": 74.0, "hispanic_pct": 23.39, "white_pct": 36.29, "black_pct": 5.32, "asian_pct": 27.15, "native_pct": 0.1, "other_pct": 7.75, "poverty_pct": 31.2}}, {"type": "Feature", "geometry": {"type": "Polygon", "coordinates": [[[-122.181576179442, 37.7716669620524], [-122.182090178947, 37.7692329613712], [-122.18216517995, 37.769615961206], [-122.182422177906, 37.7690769617105], [-122.182938178413, 37.7686269612383], [-122.189356179271, 37.7645209598828], [-122.190248178909, 37.7636909599966], [-122.192843179705, 37.7620009599259], [-122.199515180932, 37.7651539596431], [-122.188007179722, 37.7732159607601], [-122.184211179743, 37.7764309610858], [-122.184022180092, 37.7764899615059], [-122.181180180407, 37.7748819613741], [-122.179742179397, 37.7738979611642], [-122.18199417977, 37.7724269608814], [-122.181576179442, 37.7716669620524]]]}, "properties": {"tract": 6001408700, "pop": 7909, "burdenP": 64.4, "dpm": 0.27, "dpmP": 73.1, "pm25": 8.76, "asthma_rate": 156.7, "asthmaP": 99.2, "hispanic_pct": 45.08, "white_pct": 8.38, "black_pct": 41.88, "asian_pct": 2.29, "native_pct": 0, "other_pct": 2.38, "poverty_pct": 43.8}}, {"type": "Feature", "geometry": {"type": "Polygon", "coordinates": [[[-122.192574181974, 37.7815479612584], [-122.18826118108, 37.7777989615842], [-122.187957180647, 37.7778279615157], [-122.187119180164, 37.7768219610754], [-122.185946180163, 37.7758429613288], [-122.185082179126, 37.7756579606909], [-122.188007179722, 37.7732159607601], [-122.190407180699, 37.7715899610252], [-122.195933180993, 37.7726439598486], [-122.201129183539, 37.7772419598485], [-122.193550182234, 37.7825799612666], [-122.192574181974, 37.7815479612584]]]}, "properties": {"tract": 6001407700, "pop": 4122, "burdenP": 27.2, "dpm": 0.226, "dpmP": 66.4, "pm25": 8.83, "asthma_rate": 83.5, "asthmaP": 87.1, "hispanic_pct": 16.21, "white_pct": 30.01, "black_pct": 42.94, "asian_pct": 5.41, "native_pct": 0, "other_pct": 5.43, "poverty_pct": 17}}, {"type": "Feature", "geometry": {"type": "Polygon", "coordinates": [[[-122.200853182343, 37.7691349603662], [-122.20369318284, 37.7671309596793], [-122.214807183797, 37.77238095897], [-122.211747184049, 37.7746859586196], [-122.207538183123, 37.7727159595013], [-122.200818182827, 37.7726659594673], [-122.200853182343, 37.7691349603662]]]}, "properties": {"tract": 6001407400, "pop": 4531, "burdenP": 82.4, "dpm": 0.395, "dpmP": 84.5, "pm25": 8.92, "asthma_rate": 129.2, "asthmaP": 97.2, "hispanic_pct": 70.12, "white_pct": 1.77, "black_pct": 18.16, "asian_pct": 7.46, "native_pct": 0, "other_pct": 2.49, "poverty_pct": 54.1}}, {"type": "Feature", "geometry": {"type": "Polygon", "coordinates": [[[-122.177062180474, 37.7832859624213], [-122.173923178757, 37.7813019627691], [-122.170203178153, 37.7793159628702], [-122.171367178188, 37.7794889621573], [-122.173817178612, 37.7804299626778], [-122.177013179568, 37.7799199618871], [-122.180010180351, 37.7798059619081], [-122.180635180784, 37.7795289623504], [-122.181717180677, 37.7781949616278], [-122.18257217995, 37.7774169611887], [-122.184449180182, 37.7762999611139], [-122.185082179126, 37.7756579606909], [-122.185946180163, 37.7758429613288], [-122.187119180164, 37.7768219610754], [-122.187957180647, 37.7778279615157], [-122.18826118108, 37.7777989615842], [-122.192574181974, 37.7815479612584], [-122.193550182234, 37.7825799612666], [-122.196041182931, 37.780931960795], [-122.200137183978, 37.7845759608557], [-122.195788182936, 37.7868339619393], [-122.193018182206, 37.7855569621972], [-122.189635181902, 37.7846139623722], [-122.187478181583, 37.7843389621169], [-122.179748180307, 37.7840509627743], [-122.17841418027, 37.7838269626387], [-122.177062180474, 37.7832859624213]]]}, "properties": {"tract": 6001407800, "pop": 2728, "burdenP": 32.6, "dpm": 0.386, "dpmP": 83.9, "pm25": 8.86, "asthma_rate": 60.4, "asthmaP": 69.5, "hispanic_pct": 19.83, "white_pct": 31.16, "black_pct": 23.64, "asian_pct": 20.27, "native_pct": 0, "other_pct": 5.1, "poverty_pct": 18.3}}, {"type": "Feature", "geometry": {"type": "Polygon", "coordinates": [[[-122.253997128175, 37.7667465619872], [-122.25576818862, 37.7641779557077], [-122.262750190272, 37.7671999555416], [-122.263609190311, 37.7674359550197], [-122.263320191666, 37.7747199556448], [-122.260341190828, 37.7746499554723], [-122.259322190336, 37.7744089559525], [-122.251157190095, 37.7708649557934], [-122.253997128175, 37.7667465619872]]]}, "properties": {"tract": 6001427900, "pop": 5052, "burdenP": 32.2, "dpm": 0.253, "dpmP": 70.5, "pm25": 9.28, "asthma_rate": 64.7, "asthmaP": 74.0, "hispanic_pct": 14.25, "white_pct": 48.14, "black_pct": 4.59, "asian_pct": 28.35, "native_pct": 0.67, "other_pct": 4, "poverty_pct": 16.3}}, {"type": "Feature", "geometry": {"type": "Polygon", "coordinates": [[[-122.275064518482, 37.7983413951272], [-122.278428197786, 37.7995969570056], [-122.27957719616, 37.8004539564839], [-122.27599219799, 37.8062269578879], [-122.271287196686, 37.804365957472], [-122.275064518482, 37.7983413951272]]]}, "properties": {"tract": 6001403100, "pop": 2101, "burdenP": 69.1, "dpm": 1.279, "dpmP": 99.0, "pm25": 9.83, "asthma_rate": 152.4, "asthmaP": 98.9, "hispanic_pct": 13.04, "white_pct": 27.84, "black_pct": 17.66, "asian_pct": 38.41, "native_pct": 0.29, "other_pct": 2.76, "poverty_pct": 41.6}}, {"type": "Feature", "geometry": {"type": "Polygon", "coordinates": [[[-122.259406194057, 37.798342958056], [-122.258751193569, 37.7980329581645], [-122.259441193638, 37.7980389578476], [-122.260285193327, 37.7982839578553], [-122.259457193449, 37.797890957756], [-122.259617193491, 37.7962499572498], [-122.260057193573, 37.7954509569982], [-122.261165193829, 37.7951049575453], [-122.261104193015, 37.7940559569904], [-122.261713193917, 37.7934229567016], [-122.26208219364, 37.792376956484], [-122.262759192926, 37.7915669563138], [-122.26327119305, 37.7915479564871], [-122.262976193634, 37.7911799568283], [-122.263031193736, 37.7908209565538], [-122.264461193883, 37.7906829564154], [-122.26839319445, 37.7880329570956], [-122.274193195411, 37.7913329560533], [-122.273694195901, 37.7922149560651], [-122.272840195201, 37.792223955795], [-122.26732519595, 37.8010859578536], [-122.262411194749, 37.7991829575162], [-122.261179194132, 37.7990529574476], [-122.259394194057, 37.798452957761], [-122.259406194057, 37.798342958056]]]}, "properties": {"tract": 6001403300, "pop": 4178, "burdenP": 83.1, "dpm": 0.979, "dpmP": 98.1, "pm25": 9.83, "asthma_rate": 147.1, "asthmaP": 98.8, "hispanic_pct": 6.03, "white_pct": 26.16, "black_pct": 7.47, "asian_pct": 52.23, "native_pct": 2.39, "other_pct": 5.72, "poverty_pct": 40.4}}, {"type": "Feature", "geometry": {"type": "Polygon", "coordinates": [[[-122.263601529559, 37.7676532464355], [-122.26369019088, 37.765425954903], [-122.268476192021, 37.7677569549206], [-122.270621192301, 37.7685979547813], [-122.271279192234, 37.7685899549816], [-122.27298619267, 37.7692609547282], [-122.272890192701, 37.7712789542677], [-122.276907193526, 37.7714639538837], [-122.276809194374, 37.7751389542962], [-122.263320191666, 37.7747199556448], [-122.263601529559, 37.7676532464355]]]}, "properties": {"tract": 6001427800, "pop": 4954, "burdenP": 31.9, "dpm": 0.222, "dpmP": 65.8, "pm25": 9.41, "asthma_rate": 64.7, "asthmaP": 74.0, "hispanic_pct": 9.87, "white_pct": 53.88, "black_pct": 4.76, "asian_pct": 21.7, "native_pct": 0.12, "other_pct": 9.67, "poverty_pct": 12.8}}, {"type": "Feature", "geometry": {"type": "Polygon", "coordinates": [[[-122.223996184264, 37.7595349570016], [-122.223792183575, 37.7544329563318], [-122.225971184143, 37.7562389563879], [-122.226046184841, 37.7573549569856], [-122.229948186059, 37.7600679565157], [-122.229699185477, 37.7603049571052], [-122.232639185549, 37.7623579572454], [-122.240805187171, 37.7665879570925], [-122.236501187231, 37.7717009570155], [-122.230338185997, 37.7688279581929], [-122.226960186031, 37.7666799578391], [-122.22514018513, 37.7643679573552], [-122.223996184264, 37.7595349570016]]]}, "properties": {"tract": 6001427100, "pop": 3975, "burdenP": 29.5, "dpm": 0.27, "dpmP": 73.0, "pm25": 9.15, "asthma_rate": 64.7, "asthmaP": 74.0, "hispanic_pct": 16.1, "white_pct": 64.15, "black_pct": 1.38, "asian_pct": 14.46, "native_pct": 0.48, "other_pct": 3.42, "poverty_pct": 10.1}}, {"type": "Feature", "geometry": {"type": "Polygon", "coordinates": [[[-122.28195920124, 37.8371289590856], [-122.281872201118, 37.8368629595176], [-122.279604202126, 37.8371519593673], [-122.27866720146, 37.8368949596693], [-122.276305201497, 37.8366279600133], [-122.276025200789, 37.836733959687], [-122.2761572008, 37.8364929597729], [-122.275646200727, 37.8364649596433], [-122.278632200322, 37.8286109582285], [-122.278070200906, 37.827041958051], [-122.279817201266, 37.8272619579015], [-122.281024200416, 37.8277149580483], [-122.281270200292, 37.8276389582028], [-122.282786200276, 37.8279809581833], [-122.286276201669, 37.8290949583811], [-122.291037202588, 37.8301979576097], [-122.291524202813, 37.830489958014], [-122.291037202843, 37.8310649580801], [-122.291254202435, 37.8347249583396], [-122.289696202812, 37.8351309582705], [-122.289847202548, 37.8354969590664], [-122.286665201865, 37.8363029594239], [-122.28195920124, 37.8371289590856]]]}, "properties": {"tract": 6001425104, "pop": 3539, "burdenP": 56.0, "dpm": 0.712, "dpmP": 95.7, "pm25": 9.62, "asthma_rate": 119.2, "asthmaP": 95.8, "hispanic_pct": 13.62, "white_pct": 36.08, "black_pct": 26.59, "asian_pct": 18.46, "native_pct": 0, "other_pct": 5.26, "poverty_pct": 34}}, {"type": "Feature", "geometry": {"type": "Polygon", "coordinates": [[[-122.184291181682, 37.7915419620194], [-122.185997181696, 37.7898069624799], [-122.186544181606, 37.7898999627526], [-122.188233182449, 37.7906599630647], [-122.1948591825, 37.7872899622458], [-122.198317183815, 37.7911229611085], [-122.191726183779, 37.7949759625812], [-122.191068183684, 37.7955289626032], [-122.191059182663, 37.7957029619891], [-122.19241718353, 37.796659962736], [-122.192485183352, 37.7975099628158], [-122.193079183855, 37.7980659629003], [-122.192087183379, 37.7987409631005], [-122.191301183821, 37.7989449625712], [-122.18769518287, 37.7988269630118], [-122.185382182089, 37.7984939633162], [-122.184400181928, 37.7972489629867], [-122.185597181675, 37.7963009630628], [-122.185688181824, 37.7958109630632], [-122.185196181855, 37.7951479624983], [-122.185142181916, 37.794787963029], [-122.185904181826, 37.7935099626713], [-122.18574518198, 37.793272962392], [-122.184642181866, 37.7925999628921], [-122.184102180986, 37.7924549622812], [-122.183890180986, 37.7917319623141], [-122.184291181682, 37.7915419620194]]]}, "properties": {"tract": 6001406900, "pop": 3608, "burdenP": 38.7, "dpm": 0.207, "dpmP": 63.3, "pm25": 8.97, "asthma_rate": 84.4, "asthmaP": 87.4, "hispanic_pct": 10.2, "white_pct": 47.03, "black_pct": 18.57, "asian_pct": 16.77, "native_pct": 0.42, "other_pct": 7.01, "poverty_pct": 19.2}}, {"type": "Feature", "geometry": {"type": "Polygon", "coordinates": [[[-122.184148821391, 37.7968945760976], [-122.182007182108, 37.7938749631337], [-122.181528181875, 37.7942359628863], [-122.181206182011, 37.7941289633305], [-122.181010181525, 37.7935369626363], [-122.179670181867, 37.791769962391], [-122.179920181559, 37.7905909630308], [-122.179027181583, 37.7898109637143], [-122.177208180978, 37.7876379633116], [-122.177064180939, 37.7872809630517], [-122.177145180221, 37.7868699633555], [-122.178160181056, 37.7848389629481], [-122.178734180974, 37.7844369627073], [-122.17841418027, 37.7838269626387], [-122.179906181287, 37.7840599626699], [-122.187797181714, 37.7843599621042], [-122.189635181902, 37.7846139623722], [-122.191678181824, 37.7851049614769], [-122.193509182226, 37.7857509615255], [-122.195788182936, 37.7868339619393], [-122.188233182449, 37.7906599630647], [-122.186544181606, 37.7898999627526], [-122.185997181696, 37.7898069624799], [-122.184291181682, 37.7915419620194], [-122.183890180986, 37.7917319623141], [-122.184102180986, 37.7924549622812], [-122.18456618146, 37.7925609623959], [-122.185625181589, 37.7931869620786], [-122.185910182155, 37.793562962317], [-122.185850181605, 37.7938059622084], [-122.185329181771, 37.7942769626041], [-122.185142181916, 37.794787963029], [-122.185196181855, 37.7951479624983], [-122.185688181824, 37.7958109630632], [-122.185597181675, 37.7963009630628], [-122.184400181928, 37.7972489629867], [-122.184148821391, 37.7968945760976]]]}, "properties": {"tract": 6001407900, "pop": 2873, "burdenP": 23.9, "dpm": 0.318, "dpmP": 78.2, "pm25": 8.97, "asthma_rate": 84.4, "asthmaP": 87.4, "hispanic_pct": 8.39, "white_pct": 49.7, "black_pct": 18.45, "asian_pct": 15.63, "native_pct": 0, "other_pct": 7.83, "poverty_pct": 13.8}}, {"type": "Feature", "geometry": {"type": "Polygon", "coordinates": [[[-122.194072184925, 37.8074279633081], [-122.190164183806, 37.8028129634753], [-122.186870182822, 37.7999879636258], [-122.185382182089, 37.7984939633162], [-122.18769518287, 37.7988269630118], [-122.191301183821, 37.7989449625712], [-122.192087183379, 37.7987409631005], [-122.193079183855, 37.7980659629003], [-122.192485183352, 37.7975099628158], [-122.19241718353, 37.796659962736], [-122.191059182663, 37.7957029619891], [-122.191068183684, 37.7955289626032], [-122.191726183779, 37.7949759625812], [-122.198317183815, 37.7911229611085], [-122.201298185572, 37.7943499614243], [-122.203384185359, 37.7961009611022], [-122.201378185333, 37.7976699618903], [-122.200519185713, 37.7969249615066], [-122.200081184623, 37.7974229617456], [-122.199299185444, 37.7993509622474], [-122.198410185177, 37.8000689626294], [-122.198202184864, 37.7994999623158], [-122.19749218477, 37.7993439626769], [-122.196783185072, 37.798156962328], [-122.196223184148, 37.798797962759], [-122.196359185138, 37.7995569628756], [-122.195822184024, 37.799891962731], [-122.195350185163, 37.8008869630527], [-122.194883184828, 37.8013189628437], [-122.194655184144, 37.801799963292], [-122.194278184757, 37.8018079626302], [-122.193723184274, 37.8013949629611], [-122.193395184491, 37.8013309630078], [-122.194098184138, 37.8029609630083], [-122.193632184524, 37.8031359628568], [-122.192678184358, 37.8030799632775], [-122.193592184894, 37.8044349629461], [-122.194225184773, 37.8048849637789], [-122.194512185263, 37.8055139635619], [-122.19421018507, 37.8056949637917], [-122.19355918497, 37.805722963586], [-122.19256918504, 37.8051279636897], [-122.194019184748, 37.8069409640648], [-122.195226185182, 37.8080039639094], [-122.195180185533, 37.8082339640623], [-122.194072184925, 37.8074279633081]]]}, "properties": {"tract": 6001406800, "pop": 3611, "burdenP": 20.5, "dpm": 0.247, "dpmP": 69.6, "pm25": 9.0, "asthma_rate": 60.5, "asthmaP": 69.6, "hispanic_pct": 25.31, "white_pct": 33.12, "black_pct": 11.16, "asian_pct": 21.07, "native_pct": 0.44, "other_pct": 8.89, "poverty_pct": 16.7}}, {"type": "Feature", "geometry": {"type": "Polygon", "coordinates": [[[-122.198740182815, 37.7751209596237], [-122.195933180993, 37.7726439598486], [-122.207420182233, 37.7726969590856], [-122.211747184049, 37.7746859586196], [-122.204228184196, 37.7824809604678], [-122.200137183978, 37.7845759608557], [-122.195937182119, 37.7809289613913], [-122.201129183539, 37.7772419598485], [-122.198740182815, 37.7751209596237]]]}, "properties": {"tract": 6001407600, "pop": 6327, "burdenP": 60.8, "dpm": 0.281, "dpmP": 74.2, "pm25": 8.96, "asthma_rate": 114.7, "asthmaP": 95.5, "hispanic_pct": 32.01, "white_pct": 16.75, "black_pct": 39.07, "asian_pct": 8.31, "native_pct": 0, "other_pct": 3.86, "poverty_pct": 25.6}}, {"type": "Feature", "geometry": {"type": "Polygon", "coordinates": [[[-122.20066618447, 37.7937179615178], [-122.1948591825, 37.7872899622458], [-122.204153184752, 37.7825219608237], [-122.210390185411, 37.7879799609742], [-122.202924185664, 37.7923729609648], [-122.202793185424, 37.7922889613177], [-122.202454184542, 37.792677961572], [-122.20066618447, 37.7937179615178]]]}, "properties": {"tract": 6001407000, "pop": 5869, "burdenP": 58.1, "dpm": 0.234, "dpmP": 67.9, "pm25": 9.05, "asthma_rate": 65.1, "asthmaP": 74.5, "hispanic_pct": 29.95, "white_pct": 13.12, "black_pct": 21.03, "asian_pct": 24.76, "native_pct": 1.16, "other_pct": 9.98, "poverty_pct": 37.6}}, {"type": "Feature", "geometry": {"type": "Polygon", "coordinates": [[[-122.220008186928, 37.7905209593641], [-122.222262187157, 37.7849429592771], [-122.224854188056, 37.7858229595671], [-122.230927188252, 37.7894459599006], [-122.230214188755, 37.7901779584851], [-122.228918188481, 37.7908989588894], [-122.227708188859, 37.7921239593008], [-122.226698189105, 37.793549959457], [-122.221467187554, 37.7908929596763], [-122.220008186928, 37.7905209593641]]]}, "properties": {"tract": 6001406300, "pop": 4383, "burdenP": 60.9, "dpm": 0.138, "dpmP": 48.1, "pm25": 9.33, "asthma_rate": 129.2, "asthmaP": 97.2, "hispanic_pct": 33.77, "white_pct": 12.62, "black_pct": 26.49, "asian_pct": 24.21, "native_pct": 0.43, "other_pct": 2.49, "poverty_pct": 43.7}}, {"type": "Feature", "geometry": {"type": "Polygon", "coordinates": [[[-122.244893189858, 37.7773589569856], [-122.240697188377, 37.7743319571649], [-122.236501187231, 37.7717009570155], [-122.240805187171, 37.7665879570925], [-122.242561187888, 37.7671329571081], [-122.258978190472, 37.7742749557338], [-122.257845190964, 37.776041956198], [-122.255034189644, 37.7748109562289], [-122.25444219, 37.7757129556711], [-122.253560191383, 37.7753419563458], [-122.25164719068, 37.778100956944], [-122.251294190643, 37.7791399567274], [-122.256693191553, 37.785432956908], [-122.255593191641, 37.7863329578512], [-122.254793190963, 37.7867329570889], [-122.250593191064, 37.7861319574985], [-122.246192190479, 37.7834309578359], [-122.244991190126, 37.7809299570585], [-122.244893189858, 37.7773589569856]]]}, "properties": {"tract": 6001427200, "pop": 4180, "burdenP": 65.9, "dpm": 0.367, "dpmP": 82.6, "pm25": 9.26, "asthma_rate": 64.7, "asthmaP": 74.0, "hispanic_pct": 16.79, "white_pct": 40.05, "black_pct": 2.92, "asian_pct": 35.9, "native_pct": 0.29, "other_pct": 4.04, "poverty_pct": 27.2}}, {"type": "Feature", "geometry": {"type": "Polygon", "coordinates": [[[-122.23852418621, 37.7591669558175], [-122.229728184456, 37.7530989555757], [-122.227333184067, 37.7549559559449], [-122.22459218342, 37.7530329566283], [-122.225908184091, 37.74969895648], [-122.236257184415, 37.7485569560253], [-122.248594700582, 37.7489617224181], [-122.244951076742, 37.7502992953717], [-122.242651460057, 37.7537487195796], [-122.248333489882, 37.757569414681], [-122.244254187772, 37.7624909556742], [-122.24079618714, 37.7604739561402], [-122.240092186976, 37.7597329555641], [-122.239464186765, 37.7597189559608], [-122.23852418621, 37.7591669558175]]]}, "properties": {"tract": 6001428200, "pop": 6606, "burdenP": 32.7, "dpm": 0.147, "dpmP": 50.5, "pm25": 9.02, "asthma_rate": 64.7, "asthmaP": 74.0, "hispanic_pct": 12.82, "white_pct": 51.79, "black_pct": 6.27, "asian_pct": 21.57, "native_pct": 0, "other_pct": 7.55, "poverty_pct": 17.4}}, {"type": "Feature", "geometry": {"type": "Polygon", "coordinates": [[[-122.225971184143, 37.7562389563879], [-122.223792183575, 37.7544329563318], [-122.22459218342, 37.7530329566283], [-122.227333184067, 37.7549559559449], [-122.229728184456, 37.7530989555757], [-122.23852418621, 37.7591669558175], [-122.239464186765, 37.7597189559608], [-122.240092186976, 37.7597329555641], [-122.24079618714, 37.7604739561402], [-122.244254187772, 37.7624909556742], [-122.240805187171, 37.7665879570925], [-122.232639185549, 37.7623579572454], [-122.229699185477, 37.7603049571052], [-122.229948186059, 37.7600679565157], [-122.226046184841, 37.7573549569856], [-122.225971184143, 37.7562389563879]]]}, "properties": {"tract": 6001428100, "pop": 4839, "burdenP": 31.1, "dpm": 0.116, "dpmP": 42.2, "pm25": 9.14, "asthma_rate": 64.7, "asthmaP": 74.0, "hispanic_pct": 11.57, "white_pct": 52.76, "black_pct": 6.51, "asian_pct": 22.36, "native_pct": 0, "other_pct": 6.8, "poverty_pct": 9.3}}, {"type": "Feature", "geometry": {"type": "Polygon", "coordinates": [[[-122.288683198901, 37.8027599564909], [-122.291114198811, 37.8025309561256], [-122.290621199494, 37.8037889560707], [-122.291821200081, 37.8042729560351], [-122.292329199203, 37.8047939565171], [-122.293703200056, 37.8050839558296], [-122.289984201025, 37.8156299568959], [-122.289683200759, 37.8170069572063], [-122.284037198821, 37.8156269575776], [-122.288683198901, 37.8027599564909]]]}, "properties": {"tract": 6001410500, "pop": 2705, "burdenP": 90.9, "dpm": 0.549, "dpmP": 91.5, "pm25": 10.18, "asthma_rate": 152.4, "asthmaP": 99.0, "hispanic_pct": 9.83, "white_pct": 14.9, "black_pct": 61.07, "asian_pct": 11.76, "native_pct": 0.26, "other_pct": 2.18, "poverty_pct": 63.3}}, {"type": "Feature", "geometry": {"type": "Polygon", "coordinates": [[[-122.239846189937, 37.7951409586357], [-122.239106190075, 37.7945139588533], [-122.237883189652, 37.7948899588397], [-122.236878189224, 37.7942519589813], [-122.237560189622, 37.7934989588884], [-122.235525189414, 37.7922719587653], [-122.241057190126, 37.7864919582739], [-122.2452511911, 37.7889969588554], [-122.247188191144, 37.7899179576394], [-122.239846189937, 37.7951409586357]]]}, "properties": {"tract": 6001405902, "pop": 2942, "burdenP": 77.0, "dpm": 0.381, "dpmP": 83.6, "pm25": 9.48, "asthma_rate": 99.3, "asthmaP": 92.4, "hispanic_pct": 25.12, "white_pct": 8.77, "black_pct": 11.96, "asian_pct": 49.39, "native_pct": 0.48, "other_pct": 4.28, "poverty_pct": 46.3}}, {"type": "Feature", "geometry": {"type": "Polygon", "coordinates": [[[-122.270153195424, 37.7965289565515], [-122.272840195201, 37.792223955795], [-122.273694195901, 37.7922149560651], [-122.274193195411, 37.7913329560533], [-122.276293196135, 37.7924329560972], [-122.284293197036, 37.7938329551648], [-122.28375219675, 37.7948079554521], [-122.28222019697, 37.7962719556711], [-122.27957719616, 37.8004539564839], [-122.278273197085, 37.7995289566867], [-122.270153195424, 37.7965289565515]]]}, "properties": {"tract": 6001983200, "pop": 583, "burdenP": 55.3, "dpm": 1.158, "dpmP": 98.9, "pm25": 9.78, "asthma_rate": 152.4, "asthmaP": 99.0, "hispanic_pct": 8.06, "white_pct": 52.83, "black_pct": 9.09, "asian_pct": 24.18, "native_pct": 1.54, "other_pct": 4.29, "poverty_pct": 11}}, {"type": "Feature", "geometry": {"type": "Polygon", "coordinates": [[[-122.293893198307, 37.7926329545504], [-122.29479319841, 37.7925329543306], [-122.314693201586, 37.7947329534349], [-122.313225201152, 37.7953079538537], [-122.307756201044, 37.7958209539331], [-122.300873200862, 37.796953954276], [-122.300881201014, 37.7973739544282], [-122.298339200506, 37.7977869553163], [-122.294133199233, 37.7987689556846], [-122.290565198502, 37.7993379558844], [-122.289876198582, 37.799830956161], [-122.288683198901, 37.8027599564909], [-122.287417198635, 37.8027679560313], [-122.285667198441, 37.8024689565716], [-122.279700196736, 37.8002609570253], [-122.28222019697, 37.7962719556711], [-122.28375219675, 37.7948079554521], [-122.284293197036, 37.7938329551648], [-122.293893198307, 37.7926329545504]]]}, "properties": {"tract": 6001982000, "pop": 63, "burdenP": 0, "dpm": 1.313, "dpmP": 99.1, "pm25": 9.78, "asthma_rate": 152.4, "asthmaP": 99.0, "hispanic_pct": 12.7, "white_pct": 15.87, "black_pct": 36.51, "asian_pct": 31.75, "native_pct": 3.17, "other_pct": 0, "poverty_pct": null}}, {"type": "Feature", "geometry": {"type": "Polygon", "coordinates": [[[-122.222262187157, 37.7849429592771], [-122.225816186552, 37.7776479584197], [-122.228087187805, 37.7787329584395], [-122.231494186893, 37.7807739586967], [-122.227550188485, 37.7849549590744], [-122.226805187834, 37.7845159593335], [-122.225320187232, 37.7861029595336], [-122.224780187382, 37.7857869596955], [-122.222262187157, 37.7849429592771]]]}, "properties": {"tract": 6001406202, "pop": 4817, "burdenP": 78.1, "dpm": 0.351, "dpmP": 81.2, "pm25": 9.25, "asthma_rate": 129.2, "asthmaP": 97.2, "hispanic_pct": 59.89, "white_pct": 9.51, "black_pct": 14.2, "asian_pct": 12.52, "native_pct": 2.1, "other_pct": 1.79, "poverty_pct": 55.3}}, {"type": "Feature", "geometry": {"type": "Polygon", "coordinates": [[[-122.209723186909, 37.8070499625553], [-122.209618186606, 37.80691796243], [-122.208521186512, 37.8070749626257], [-122.207385186829, 37.8064139621883], [-122.214130187501, 37.7998099612868], [-122.218261188512, 37.8008639611353], [-122.216601187825, 37.8038919617482], [-122.216470187675, 37.8046559619242], [-122.21583318849, 37.8053969617043], [-122.215702188639, 37.8067219620407], [-122.215806188555, 37.8075459625517], [-122.215474188122, 37.8092269623258], [-122.215024188486, 37.810155961891], [-122.214394188374, 37.810649961323], [-122.213396187758, 37.812186961897], [-122.212145187488, 37.811428961817], [-122.211567187535, 37.8107099623408], [-122.210923187331, 37.8106149617173], [-122.212073187415, 37.8099599620925], [-122.210633187783, 37.808823962448], [-122.209869186976, 37.8086189628724], [-122.20990618749, 37.8082659629914], [-122.209628187119, 37.8078099626164], [-122.209723186909, 37.8070499625553]]]}, "properties": {"tract": 6001404800, "pop": 2647, "burdenP": 23.9, "dpm": 0.175, "dpmP": 57.3, "pm25": 9.16, "asthma_rate": 73.4, "asthmaP": 81.0, "hispanic_pct": 14.43, "white_pct": 49.38, "black_pct": 15.98, "asian_pct": 11.07, "native_pct": 0.42, "other_pct": 8.73, "poverty_pct": 21.8}}, {"type": "Feature", "geometry": {"type": "Polygon", "coordinates": [[[-122.2187466393, 37.7938151430647], [-122.220008186928, 37.7905209593641], [-122.221467187554, 37.7908929596763], [-122.226107188641, 37.7934109593847], [-122.226698189105, 37.793549959457], [-122.225412189161, 37.7976049598467], [-122.224857188751, 37.7983129605774], [-122.224183189562, 37.7999819607937], [-122.216987186995, 37.7984089611704], [-122.2187466393, 37.7938151430647]]]}, "properties": {"tract": 6001406400, "pop": 2545, "burdenP": 59.2, "dpm": 0.181, "dpmP": 58.3, "pm25": 9.21, "asthma_rate": 77.5, "asthmaP": 83.7, "hispanic_pct": 21.45, "white_pct": 31.47, "black_pct": 20.67, "asian_pct": 19.61, "native_pct": 0.2, "other_pct": 6.6, "poverty_pct": 40.7}}, {"type": "Feature", "geometry": {"type": "Polygon", "coordinates": [[[-122.225412189161, 37.7976049598467], [-122.226698189105, 37.793549959457], [-122.228423189277, 37.7938769591431], [-122.231905189478, 37.795956959727], [-122.230613190201, 37.7974809594754], [-122.233136189511, 37.7965959597346], [-122.23603719127, 37.7984129604834], [-122.235242189726, 37.7994239595589], [-122.231183190785, 37.8026099599529], [-122.229869190246, 37.8016319606727], [-122.228893190416, 37.8011399606535], [-122.227878190173, 37.8007749600335], [-122.224183189562, 37.7999819607937], [-122.224857188751, 37.7983129605774], [-122.225412189161, 37.7976049598467]]]}, "properties": {"tract": 6001405700, "pop": 3531, "burdenP": 59.0, "dpm": 0.293, "dpmP": 75.5, "pm25": 9.41, "asthma_rate": 55.7, "asthmaP": 63.5, "hispanic_pct": 13.65, "white_pct": 14.39, "black_pct": 21.16, "asian_pct": 46.02, "native_pct": 0.48, "other_pct": 4.3, "poverty_pct": 41.4}}, {"type": "Feature", "geometry": {"type": "Polygon", "coordinates": [[[-122.237106243062, 37.7970915046554], [-122.237986190466, 37.7964649594853], [-122.242974191694, 37.8008779596326], [-122.241675191094, 37.8021019594856], [-122.241684191909, 37.8024039594115], [-122.239645191593, 37.8026569600354], [-122.237757191088, 37.8030749602742], [-122.234758189875, 37.8034089602241], [-122.233410189706, 37.8043799602248], [-122.231183190785, 37.8026099599529], [-122.235242189726, 37.7994239595589], [-122.237106243062, 37.7970915046554]]]}, "properties": {"tract": 6001405600, "pop": 3269, "burdenP": 48.4, "dpm": 0.283, "dpmP": 74.5, "pm25": 9.41, "asthma_rate": 48.3, "asthmaP": 53.9, "hispanic_pct": 24.23, "white_pct": 26.49, "black_pct": 17.99, "asian_pct": 22.24, "native_pct": 2.23, "other_pct": 6.82, "poverty_pct": 29.8}}, {"type": "Feature", "geometry": {"type": "Polygon", "coordinates": [[[-122.282753197917, 37.8036799568196], [-122.283335197737, 37.8017049561655], [-122.285667198441, 37.8024689565716], [-122.287417198635, 37.8027679560313], [-122.288683198901, 37.8027599564909], [-122.286221198823, 37.8096109564881], [-122.281951198344, 37.8087129570358], [-122.280978198058, 37.8083059564669], [-122.282753197917, 37.8036799568196]]]}, "properties": {"tract": 6001402500, "pop": 1781, "burdenP": 88.7, "dpm": 0.777, "dpmP": 96.5, "pm25": 9.94, "asthma_rate": 152.4, "asthmaP": 99.0, "hispanic_pct": 14.77, "white_pct": 10.89, "black_pct": 58.39, "asian_pct": 13.31, "native_pct": 0, "other_pct": 2.64, "poverty_pct": 66.5}}, {"type": "Feature", "geometry": {"type": "Polygon", "coordinates": [[[-122.260019196565, 37.8224259597914], [-122.266784196773, 37.8115579581459], [-122.273407197742, 37.8127279577158], [-122.272045197338, 37.8140419576159], [-122.271259197997, 37.8153299578688], [-122.27021219748, 37.8183069588417], [-122.269193198534, 37.8222949595411], [-122.268428198039, 37.8244279592155], [-122.260019196565, 37.8224259597914]]]}, "properties": {"tract": 6001401300, "pop": 3921, "burdenP": 80.3, "dpm": 0.966, "dpmP": 98.0, "pm25": 9.77, "asthma_rate": 109.8, "asthmaP": 94.9, "hispanic_pct": 10.12, "white_pct": 38.41, "black_pct": 28.51, "asian_pct": 16.76, "native_pct": 0.61, "other_pct": 5.59, "poverty_pct": 42.9}}, {"type": "Feature", "geometry": {"type": "Polygon", "coordinates": [[[-122.194249180707, 37.7688529605674], [-122.199515180932, 37.7651539596431], [-122.20369318284, 37.7671309596793], [-122.200853182343, 37.7691349603662], [-122.200818182827, 37.7726659594673], [-122.195933180993, 37.7726439598486], [-122.190332179825, 37.7715759612767], [-122.194249180707, 37.7688529605674]]]}, "properties": {"tract": 6001407500, "pop": 4299, "burdenP": 82.5, "dpm": 0.371, "dpmP": 82.7, "pm25": 8.83, "asthma_rate": 115.6, "asthmaP": 95.6, "hispanic_pct": 55.04, "white_pct": 4.16, "black_pct": 29.01, "asian_pct": 6.59, "native_pct": 0.09, "other_pct": 5.12, "poverty_pct": 69.2}}, {"type": "Feature", "geometry": {"type": "Polygon", "coordinates": [[[-122.27670719497, 37.7775679548192], [-122.276809194374, 37.7751389542962], [-122.281924193947, 37.7752549541468], [-122.285219195308, 37.7762899538105], [-122.291101195882, 37.776482953182], [-122.291408196468, 37.7768529538556], [-122.291409196403, 37.7799919542514], [-122.284491195127, 37.7800069547112], [-122.276641194499, 37.7796889546435], [-122.27670719497, 37.7775679548192]]]}, "properties": {"tract": 6001427600, "pop": 5200, "burdenP": 69.3, "dpm": 0.277, "dpmP": 73.9, "pm25": 9.44, "asthma_rate": 64.7, "asthmaP": 74.0, "hispanic_pct": 10.27, "white_pct": 28.52, "black_pct": 18.75, "asian_pct": 35.48, "native_pct": 0.08, "other_pct": 6.9, "poverty_pct": 33.4}}, {"type": "Feature", "geometry": {"type": "Polygon", "coordinates": [[[-122.197804186433, 37.810593962531], [-122.198457186164, 37.8102309629665], [-122.199160186502, 37.8101839630301], [-122.200790186897, 37.8104499626356], [-122.201342186592, 37.8104149624648], [-122.202249186883, 37.8094979627183], [-122.205372187317, 37.8077659629755], [-122.207385186829, 37.8064139621883], [-122.208521186512, 37.8070749626257], [-122.209618186606, 37.80691796243], [-122.209628187119, 37.8078099626164], [-122.20990618749, 37.8082659629914], [-122.209869186976, 37.8086189628724], [-122.210633187783, 37.808823962448], [-122.212073187415, 37.8099599620925], [-122.210923187331, 37.8106149617173], [-122.211567187535, 37.8107099623408], [-122.212145187488, 37.811428961817], [-122.212872188706, 37.811917962221], [-122.214804188403, 37.8127539616659], [-122.214057188918, 37.8133879620263], [-122.213121188661, 37.8147769624046], [-122.212813188759, 37.8162319629277], [-122.212340188959, 37.8170449629037], [-122.211623188139, 37.817711962688], [-122.208816188384, 37.8196939637257], [-122.207378188858, 37.8216519635712], [-122.200739187266, 37.8133159628363], [-122.197804186433, 37.810593962531]]]}, "properties": {"tract": 6001404700, "pop": 2137, "burdenP": 2.5, "dpm": 0.206, "dpmP": 63.2, "pm25": 9.12, "asthma_rate": 42.5, "asthmaP": 45.4, "hispanic_pct": 9.45, "white_pct": 69.58, "black_pct": 5.99, "asian_pct": 11.65, "native_pct": 0, "other_pct": 3.32, "poverty_pct": 4.8}}, {"type": "Feature", "geometry": {"type": "Polygon", "coordinates": [[[-122.21623418718, 37.8002989608221], [-122.216987186995, 37.7984089611704], [-122.220342188535, 37.7992319605028], [-122.227878190173, 37.8007749600335], [-122.229869190246, 37.8016319606727], [-122.231183190785, 37.8026099599529], [-122.228855190079, 37.8044419608337], [-122.228905190358, 37.8045759609688], [-122.227095190391, 37.8052549607422], [-122.221487189236, 37.8078819621021], [-122.218120188378, 37.8091979613808], [-122.215811188949, 37.8112199615837], [-122.214804188403, 37.8127539616659], [-122.213396187758, 37.812186961897], [-122.214394188374, 37.810649961323], [-122.215024188486, 37.810155961891], [-122.215474188122, 37.8092269623258], [-122.215806188555, 37.8075459625517], [-122.215702188639, 37.8067219620407], [-122.21583318849, 37.8053969617043], [-122.216470187675, 37.8046559619242], [-122.216601187825, 37.8038919617482], [-122.218261188512, 37.8008639611353], [-122.21623418718, 37.8002989608221]]]}, "properties": {"tract": 6001404900, "pop": 4197, "burdenP": 26.3, "dpm": 0.336, "dpmP": 79.9, "pm25": 9.27, "asthma_rate": 68.2, "asthmaP": 77.3, "hispanic_pct": 11.84, "white_pct": 56.09, "black_pct": 9.6, "asian_pct": 16.11, "native_pct": 0.67, "other_pct": 5.69, "poverty_pct": 11.4}}, {"type": "Feature", "geometry": {"type": "Polygon", "coordinates": [[[-122.273366197926, 37.8104699577573], [-122.27599219799, 37.8062269578879], [-122.280978198058, 37.8083059564669], [-122.278694199825, 37.8145789579629], [-122.274677198102, 37.8129989576501], [-122.272750198103, 37.8126179574542], [-122.272986197285, 37.8117789576478], [-122.273681197469, 37.8114949576476], [-122.273366197926, 37.8104699577573]]]}, "properties": {"tract": 6001402700, "pop": 1890, "burdenP": 73.3, "dpm": 0.566, "dpmP": 91.9, "pm25": 9.92, "asthma_rate": 98.7, "asthmaP": 92.2, "hispanic_pct": 20.58, "white_pct": 23.23, "black_pct": 42.28, "asian_pct": 10.85, "native_pct": 0.63, "other_pct": 2.43, "poverty_pct": 38.8}}, {"type": "Feature", "geometry": {"type": "Polygon", "coordinates": [[[-122.225321372292, 37.7861016931041], [-122.226805187834, 37.7845159593335], [-122.227550188485, 37.7849549590744], [-122.231494186893, 37.7807739586967], [-122.235913188136, 37.7834149584263], [-122.232516187794, 37.786562959202], [-122.232066188442, 37.7872899592088], [-122.231801187587, 37.7884759594867], [-122.230927188252, 37.7894459599006], [-122.225321372292, 37.7861016931041]]]}, "properties": {"tract": 6001406201, "pop": 4995, "burdenP": 82.7, "dpm": 0.537, "dpmP": 91.1, "pm25": 9.25, "asthma_rate": 123.1, "asthmaP": 96.2, "hispanic_pct": 41.46, "white_pct": 5.29, "black_pct": 21.14, "asian_pct": 28.87, "native_pct": 0.16, "other_pct": 3.08, "poverty_pct": 56.9}}, {"type": "Feature", "geometry": {"type": "Polygon", "coordinates": [[[-122.179130177086, 37.7554759595734], [-122.184578177444, 37.7527869596369], [-122.185023177441, 37.753299959081], [-122.191885177854, 37.7500409586625], [-122.192437178147, 37.7497389586002], [-122.193637178469, 37.7483269584868], [-122.198089179337, 37.7522189593086], [-122.196688179552, 37.7531149578287], [-122.195530179388, 37.7519899593698], [-122.193301179092, 37.7535649580977], [-122.193259178612, 37.7539959587417], [-122.192477179306, 37.7547739591327], [-122.193887179006, 37.7544479587134], [-122.194351178806, 37.7546199590078], [-122.187067178654, 37.7592689596038], [-122.179130177086, 37.7554759595734]]]}, "properties": {"tract": 6001408900, "pop": 3546, "burdenP": 90.3, "dpm": 0.306, "dpmP": 77.1, "pm25": 8.6, "asthma_rate": 194.4, "asthmaP": 99.7, "hispanic_pct": 65.93, "white_pct": 4.94, "black_pct": 21.4, "asian_pct": 5.56, "native_pct": 0, "other_pct": 2.17, "poverty_pct": 53.3}}, {"type": "Feature", "geometry": {"type": "Polygon", "coordinates": [[[-122.226784194145, 37.8428339642102], [-122.225792193956, 37.8420839636974], [-122.224840193469, 37.8416879640611], [-122.222700193147, 37.8388999640268], [-122.219685192552, 37.8363969637844], [-122.217049191348, 37.8326789634569], [-122.218093192113, 37.8330119630489], [-122.221612192245, 37.8326199630826], [-122.221979192492, 37.8324349627509], [-122.222902192258, 37.8307539630201], [-122.224499192131, 37.8302439627507], [-122.225041192369, 37.8312539632143], [-122.226293192818, 37.8319339626555], [-122.22688619327, 37.8320839626118], [-122.228092194077, 37.8330309626642], [-122.232292193579, 37.8317309623361], [-122.236072193296, 37.8310429621873], [-122.236934194114, 37.830765961441], [-122.237264193946, 37.8308409618903], [-122.237905193665, 37.8306279614792], [-122.240948194865, 37.83046296189], [-122.243038194987, 37.830016961027], [-122.243956195283, 37.8304299612173], [-122.24505119584, 37.8320649617689], [-122.246110196328, 37.8324729616998], [-122.246977196637, 37.8330799618231], [-122.248755196971, 37.831718961088], [-122.249478197021, 37.8323059611895], [-122.250359197404, 37.8335299612607], [-122.252423197053, 37.8345479615432], [-122.250823197301, 37.8371399613471], [-122.249239197699, 37.8372329622362], [-122.243862195997, 37.8393729628001], [-122.241246195675, 37.839901962976], [-122.239469195884, 37.840901962829], [-122.236833194611, 37.8410309632247], [-122.236440194917, 37.8411929632038], [-122.235491195498, 37.8421399630353], [-122.234999194988, 37.8423899631292], [-122.231747195738, 37.8427899640015], [-122.230637195511, 37.842502963532], [-122.228933195256, 37.8424309641239], [-122.227931194277, 37.8428799643684], [-122.226784194145, 37.8428339642102]]]}, "properties": {"tract": 6001404200, "pop": 3877, "burdenP": 7.3, "dpm": 0.235, "dpmP": 67.9, "pm25": 9.21, "asthma_rate": 17.1, "asthmaP": 5.6, "hispanic_pct": 5.6, "white_pct": 61.75, "black_pct": 6.32, "asian_pct": 19.83, "native_pct": 0.21, "other_pct": 6.29, "poverty_pct": 7.5}}, {"type": "Feature", "geometry": {"type": "Polygon", "coordinates": [[[-122.24618419348, 37.8146089596242], [-122.248021194199, 37.8115179596631], [-122.250312195053, 37.8130989594828], [-122.251514195025, 37.8162749598082], [-122.25237819512, 37.8177219602047], [-122.253692195441, 37.8190059603131], [-122.251777196213, 37.8203279600368], [-122.247481194589, 37.8216039603999], [-122.24585419508, 37.8199469607423], [-122.244689194023, 37.819266961097], [-122.24618419348, 37.8146089596242]]]}, "properties": {"tract": 6001403900, "pop": 4051, "burdenP": 27.8, "dpm": 0.354, "dpmP": 81.5, "pm25": 9.59, "asthma_rate": 41.1, "asthmaP": 43.2, "hispanic_pct": 7.43, "white_pct": 57.29, "black_pct": 13.55, "asian_pct": 16.17, "native_pct": 0.22, "other_pct": 5.33, "poverty_pct": 23.2}}, {"type": "Feature", "geometry": {"type": "Polygon", "coordinates": [[[-122.269312029763, 37.7978936032178], [-122.270153195424, 37.7965289565515], [-122.275074196896, 37.7983259569347], [-122.271287196686, 37.804365957472], [-122.266471195852, 37.8025019576937], [-122.269312029763, 37.7978936032178]]]}, "properties": {"tract": 6001403000, "pop": 2905, "burdenP": 91.2, "dpm": 1.175, "dpmP": 98.9, "pm25": 9.83, "asthma_rate": 124.7, "asthmaP": 96.5, "hispanic_pct": 2.27, "white_pct": 6.51, "black_pct": 4.37, "asian_pct": 83.93, "native_pct": 0.34, "other_pct": 2.58, "poverty_pct": 54.5}}, {"type": "Feature", "geometry": {"type": "Polygon", "coordinates": [[[-122.238628188817, 37.7837719580302], [-122.236680188706, 37.7826149586515], [-122.235913188136, 37.7834149584263], [-122.228087187805, 37.7787329584395], [-122.214807183797, 37.77238095897], [-122.223769185162, 37.7655839581693], [-122.22514018513, 37.7643679573552], [-122.226960186031, 37.7666799578391], [-122.230338185997, 37.7688279581929], [-122.236579186828, 37.771735957052], [-122.235875187317, 37.7726499570254], [-122.23585218695, 37.7735549569096], [-122.236155187934, 37.7747519576873], [-122.236331187606, 37.7766479573424], [-122.236032187393, 37.7767819578793], [-122.236627188396, 37.777569957842], [-122.237303188426, 37.782032957728], [-122.237605188438, 37.782492958025], [-122.238640188447, 37.7832319580757], [-122.238628188817, 37.7837719580302]]]}, "properties": {"tract": 6001406100, "pop": 4733, "burdenP": 93.8, "dpm": 0.891, "dpmP": 97.5, "pm25": 9.24, "asthma_rate": 114.2, "asthmaP": 95.4, "hispanic_pct": 57.24, "white_pct": 14.85, "black_pct": 8.92, "asian_pct": 18, "native_pct": 0, "other_pct": 0.99, "poverty_pct": 51.8}}, {"type": "Feature", "geometry": {"type": "Polygon", "coordinates": [[[-122.253565200306, 37.8618279640563], [-122.25311220029, 37.8570929636439], [-122.263528201203, 37.8557369619476], [-122.264532202294, 37.8606869627605], [-122.25902920121, 37.8614049631403], [-122.257993200935, 37.8617309631358], [-122.257496200126, 37.8615819634749], [-122.253565200306, 37.8618279640563]]]}, "properties": {"tract": 6001423601, "pop": 2671, "burdenP": 14.1, "dpm": 0.338, "dpmP": 80.1, "pm25": 9.19, "asthma_rate": 25.8, "asthmaP": 17.8, "hispanic_pct": 8.72, "white_pct": 70.35, "black_pct": 5.17, "asian_pct": 9.21, "native_pct": 0.64, "other_pct": 5.92, "poverty_pct": 19.4}}, {"type": "Feature", "geometry": {"type": "Polygon", "coordinates": [[[-122.256331266755, 37.8083174918829], [-122.256014193847, 37.8074679589949], [-122.255070195329, 37.8077369589751], [-122.253270194145, 37.807752959145], [-122.252917194131, 37.8080429594243], [-122.252787194155, 37.8087519588431], [-122.251161193811, 37.8086769586976], [-122.25010819387, 37.809122958929], [-122.249161194103, 37.8083959599819], [-122.250930193282, 37.8046189592235], [-122.251484193606, 37.8042889589916], [-122.252890194312, 37.804063959044], [-122.253395194501, 37.8037249586313], [-122.25443519402, 37.8020259585712], [-122.254432193496, 37.8009169588074], [-122.254632194213, 37.8003909583882], [-122.255325192988, 37.8000189587617], [-122.256701193546, 37.8000009585613], [-122.257707193736, 37.7997229581626], [-122.258373193255, 37.7993149576029], [-122.259206193275, 37.7984729578506], [-122.261179194132, 37.7990529574476], [-122.262411194749, 37.7991829575162], [-122.26732519595, 37.8010859578536], [-122.264310195591, 37.8059299582021], [-122.265517195262, 37.8063629587979], [-122.266031196307, 37.8069629587984], [-122.264576195355, 37.8079499590084], [-122.264557196129, 37.8081299587694], [-122.263635195128, 37.8084239575902], [-122.263176195337, 37.8089039582508], [-122.262770195713, 37.8101309580781], [-122.263093196106, 37.8109319586662], [-122.260604195532, 37.8106809588702], [-122.25856219468, 37.8094129586081], [-122.257519194748, 37.8091379582395], [-122.256171193747, 37.8090169587228], [-122.256331266755, 37.8083174918829]]]}, "properties": {"tract": 6001403400, "pop": 4340, "burdenP": 57.7, "dpm": 0.496, "dpmP": 89.7, "pm25": 9.74, "asthma_rate": 120.6, "asthmaP": 96.0, "hispanic_pct": 8.18, "white_pct": 39.54, "black_pct": 19.15, "asian_pct": 26.8, "native_pct": 0.44, "other_pct": 5.9, "poverty_pct": 24.2}}, {"type": "Feature", "geometry": {"type": "Polygon", "coordinates": [[[-122.266674341173, 37.8375247009605], [-122.268083200392, 37.8441409609679], [-122.261309199422, 37.8450319622864], [-122.26187319869, 37.8413579609886], [-122.263450199216, 37.8405659610372], [-122.264538199884, 37.8396369607129], [-122.265353199924, 37.8384659606312], [-122.265644199034, 37.8376409608838], [-122.266674341173, 37.8375247009605]]]}, "properties": {"tract": 6001400600, "pop": 1745, "burdenP": 37.6, "dpm": 0.383, "dpmP": 83.8, "pm25": 9.37, "asthma_rate": 101.5, "asthmaP": 93.1, "hispanic_pct": 7.51, "white_pct": 49.28, "black_pct": 20.52, "asian_pct": 10.54, "native_pct": 0.17, "other_pct": 11.98, "poverty_pct": 16}}, {"type": "Feature", "geometry": {"type": "Polygon", "coordinates": [[[-122.274154662698, 37.8128956459716], [-122.278948199802, 37.8146479572328], [-122.280485198987, 37.8148149577829], [-122.289683200759, 37.8170069572063], [-122.289135200442, 37.8174499568781], [-122.286239200697, 37.821167957644], [-122.276066199502, 37.8188749585686], [-122.274154662698, 37.8128956459716]]]}, "properties": {"tract": 6001401600, "pop": 2289, "burdenP": 86.5, "dpm": 0.451, "dpmP": 87.6, "pm25": 10.12, "asthma_rate": 114.3, "asthmaP": 95.5, "hispanic_pct": 20.05, "white_pct": 28.66, "black_pct": 35.91, "asian_pct": 11.36, "native_pct": 0, "other_pct": 4.02, "poverty_pct": 41.3}}, {"type": "Feature", "geometry": {"type": "Polygon", "coordinates": [[[-122.279495198369, 37.8124719570566], [-122.280978198058, 37.8083059564669], [-122.281951198344, 37.8087129570358], [-122.286221198823, 37.8096109564881], [-122.284037198821, 37.8156269575776], [-122.280485198987, 37.8148149577829], [-122.278694199825, 37.8145789579629], [-122.279495198369, 37.8124719570566]]]}, "properties": {"tract": 6001402400, "pop": 2866, "burdenP": 71.0, "dpm": 0.524, "dpmP": 90.8, "pm25": 10.18, "asthma_rate": 152.4, "asthmaP": 99.0, "hispanic_pct": 9.14, "white_pct": 24.11, "black_pct": 48.39, "asian_pct": 12.98, "native_pct": 0, "other_pct": 5.37, "poverty_pct": 37.7}}, {"type": "Feature", "geometry": {"type": "Polygon", "coordinates": [[[-122.266784196773, 37.8115579581459], [-122.271287196686, 37.804365957472], [-122.27599219799, 37.8062269578879], [-122.273366197926, 37.8104699577573], [-122.273681197469, 37.8114949576476], [-122.272986197285, 37.8117789576478], [-122.272750198103, 37.8126179574542], [-122.266784196773, 37.8115579581459]]]}, "properties": {"tract": 6001402800, "pop": 4480, "burdenP": 77.7, "dpm": 0.645, "dpmP": 94.3, "pm25": 9.92, "asthma_rate": 122.7, "asthmaP": 96.2, "hispanic_pct": 6.27, "white_pct": 28.19, "black_pct": 38.08, "asian_pct": 18.57, "native_pct": 0.58, "other_pct": 8.3, "poverty_pct": 45.5}}, {"type": "Feature", "geometry": {"type": "Polygon", "coordinates": [[[-122.294007200491, 37.8114199561397], [-122.298270200826, 37.8060939560872], [-122.301828202308, 37.8069039562408], [-122.302372201631, 37.8071909556501], [-122.30202520204, 37.8080629553845], [-122.297876201581, 37.8133019557655], [-122.294007200491, 37.8114199561397]]]}, "properties": {"tract": 6001401800, "pop": 1801, "burdenP": 82.2, "dpm": 0.703, "dpmP": 95.4, "pm25": 9.74, "asthma_rate": 152.4, "asthmaP": 99.0, "hispanic_pct": 20.27, "white_pct": 33.48, "black_pct": 38.2, "asian_pct": 5.5, "native_pct": 0.22, "other_pct": 2.33, "poverty_pct": 34.4}}, {"type": "Feature", "geometry": {"type": "Polygon", "coordinates": [[[-122.2185021902, 37.823558962864], [-122.216315190374, 37.8226089628728], [-122.215501190166, 37.8217389632424], [-122.210161187901, 37.8187329634849], [-122.212340188959, 37.8170449629037], [-122.212813188759, 37.8162319629277], [-122.213121188661, 37.8147769624046], [-122.214057188918, 37.8133879620263], [-122.215187188619, 37.8122809621774], [-122.216534189066, 37.8127809620222], [-122.232241191617, 37.816206961574], [-122.235278191707, 37.8171039613605], [-122.237604192363, 37.8174239611911], [-122.239323192624, 37.8178459611108], [-122.238902192462, 37.8181199609461], [-122.237614193024, 37.8184789609959], [-122.237516192618, 37.8191819616164], [-122.23662119274, 37.8202259616636], [-122.237306192462, 37.8208119615352], [-122.2383411936, 37.820520961284], [-122.238363193121, 37.8211049611864], [-122.237952193182, 37.8217419619109], [-122.236499193034, 37.8227889614076], [-122.236442192947, 37.8230769617257], [-122.235848193261, 37.823311961638], [-122.235390192441, 37.8230459619853], [-122.23452519314, 37.8231799618415], [-122.234025192615, 37.8229669615653], [-122.232643192241, 37.8239989622246], [-122.23155219359, 37.8244179626525], [-122.232112191794, 37.824774962058], [-122.235267193903, 37.8305389619728], [-122.236572193527, 37.8305769614148], [-122.236934194114, 37.830765961441], [-122.236072193296, 37.8310429621873], [-122.232292193579, 37.8317309623361], [-122.228092194077, 37.8330309626642], [-122.22688619327, 37.8320839626118], [-122.226293192818, 37.8319339626555], [-122.225041192369, 37.8312539632143], [-122.224499192131, 37.8302439627507], [-122.222113191748, 37.8272509637828], [-122.221362191752, 37.8258219635159], [-122.2185021902, 37.823558962864]]]}, "properties": {"tract": 6001426100, "pop": 6521, "burdenP": 0.4, "dpm": 0.078, "dpmP": 29.1, "pm25": 9.21, "asthma_rate": 27.8, "asthmaP": 21.5, "hispanic_pct": 2.05, "white_pct": 73.35, "black_pct": 0.69, "asian_pct": 19.9, "native_pct": 0, "other_pct": 4, "poverty_pct": 1.8}}, {"type": "Feature", "geometry": {"type": "Polygon", "coordinates": [[[-122.27599219799, 37.8062269578879], [-122.279700196736, 37.8002609570253], [-122.283335197737, 37.8017049561655], [-122.282753197917, 37.8036799568196], [-122.280978198058, 37.8083059564669], [-122.27599219799, 37.8062269578879]]]}, "properties": {"tract": 6001402600, "pop": 1243, "burdenP": 78.2, "dpm": 1.094, "dpmP": 98.6, "pm25": 9.94, "asthma_rate": 133.5, "asthmaP": 97.6, "hispanic_pct": 16.49, "white_pct": 14.4, "black_pct": 25.91, "asian_pct": 38.7, "native_pct": 0.48, "other_pct": 4.02, "poverty_pct": 63}}, {"type": "Feature", "geometry": {"type": "Polygon", "coordinates": [[[-122.2838422032, 37.8502339598651], [-122.283561202913, 37.848979959743], [-122.282658203029, 37.8491889600963], [-122.281811202386, 37.8469769599245], [-122.279586202633, 37.84751595963], [-122.277800203182, 37.8476059604268], [-122.278091202857, 37.8473309596927], [-122.277599201968, 37.8447869611276], [-122.277413202351, 37.8439149610349], [-122.277023202563, 37.843594960936], [-122.284012202391, 37.8406289600493], [-122.284083202266, 37.8404159597609], [-122.28558920257, 37.839782959094], [-122.288594203737, 37.8495699596845], [-122.288927204505, 37.8499779594554], [-122.286260204087, 37.8505099603968], [-122.286131203265, 37.8501099600001], [-122.284193203297, 37.8507309599213], [-122.2838422032, 37.8502339598651]]]}, "properties": {"tract": 6001400800, "pop": 4069, "burdenP": 70.7, "dpm": 0.24, "dpmP": 68.7, "pm25": 9.46, "asthma_rate": 116.6, "asthmaP": 95.6, "hispanic_pct": 10.62, "white_pct": 43.55, "black_pct": 23.27, "asian_pct": 15.19, "native_pct": 0.2, "other_pct": 7.18, "poverty_pct": 36}}, {"type": "Feature", "geometry": {"type": "Polygon", "coordinates": [[[-122.211146183733, 37.7751759595144], [-122.211747184049, 37.7746859586196], [-122.216678185343, 37.7790429590263], [-122.20906218448, 37.7844019604867], [-122.211991185082, 37.7870449606607], [-122.210390185411, 37.7879799609742], [-122.204153184752, 37.7825219608237], [-122.211146183733, 37.7751759595144]]]}, "properties": {"tract": 6001407102, "pop": 4387, "burdenP": 68.3, "dpm": 0.191, "dpmP": 60.4, "pm25": 9.01, "asthma_rate": 115.6, "asthmaP": 95.6, "hispanic_pct": 44.54, "white_pct": 9.92, "black_pct": 26.05, "asian_pct": 13.93, "native_pct": 0.39, "other_pct": 5.17, "poverty_pct": 42.2}}, {"type": "Feature", "geometry": {"type": "Polygon", "coordinates": [[[-122.216723190553, 37.7790923420945], [-122.218629186159, 37.7807799591003], [-122.219113186462, 37.7822049594861], [-122.217300186023, 37.7839259602621], [-122.211991185082, 37.7870449606607], [-122.20906218448, 37.7844019604867], [-122.216723190553, 37.7790923420945]]]}, "properties": {"tract": 6001407101, "pop": 3821, "burdenP": 59.2, "dpm": 0.144, "dpmP": 49.7, "pm25": 9.14, "asthma_rate": 129.2, "asthmaP": 97.2, "hispanic_pct": 54.23, "white_pct": 4.92, "black_pct": 13.98, "asian_pct": 25.02, "native_pct": 0.21, "other_pct": 1.65, "poverty_pct": 50.7}}, {"type": "Feature", "geometry": {"type": "Polygon", "coordinates": [[[-122.214827533468, 37.791775787674], [-122.21700918644, 37.7928009600777], [-122.216310187035, 37.7936909605624], [-122.217356186687, 37.79418296035], [-122.218482187011, 37.7944809598438], [-122.21623418718, 37.8002989608221], [-122.208807185427, 37.7984829617838], [-122.212543186673, 37.7947409608261], [-122.214827533468, 37.791775787674]]]}, "properties": {"tract": 6001406602, "pop": 2698, "burdenP": 51.1, "dpm": 0.234, "dpmP": 67.7, "pm25": 9.21, "asthma_rate": 73.4, "asthmaP": 81.0, "hispanic_pct": 28.28, "white_pct": 12.6, "black_pct": 16.42, "asian_pct": 36.25, "native_pct": 1.56, "other_pct": 4.89, "poverty_pct": 45.5}}, {"type": "Feature", "geometry": {"type": "Polygon", "coordinates": [[[-122.202454184542, 37.792677961572], [-122.202793185424, 37.7922889613177], [-122.202924185664, 37.7923729609648], [-122.209853184489, 37.7883389609791], [-122.211655185594, 37.7902849609749], [-122.214838186474, 37.791761959775], [-122.212543186673, 37.7947409608261], [-122.208807185427, 37.7984829617838], [-122.207738185329, 37.7986079617325], [-122.204855185703, 37.7972979612571], [-122.20066618447, 37.7937179615178], [-122.202454184542, 37.792677961572]]]}, "properties": {"tract": 6001406601, "pop": 4955, "burdenP": 53.1, "dpm": 0.237, "dpmP": 68.4, "pm25": 9.12, "asthma_rate": 63, "asthmaP": 72.4, "hispanic_pct": 35.6, "white_pct": 14.89, "black_pct": 20.02, "asian_pct": 21.98, "native_pct": 0.16, "other_pct": 7.35, "poverty_pct": 46.1}}, {"type": "Feature", "geometry": {"type": "Polygon", "coordinates": [[[-122.232516187794, 37.786562959202], [-122.235913188136, 37.7834149584263], [-122.241057190126, 37.7864919582739], [-122.235525189414, 37.7922719587653], [-122.230927188252, 37.7894459599006], [-122.231910188384, 37.7882509590588], [-122.232066188442, 37.7872899592088], [-122.232516187794, 37.786562959202]]]}, "properties": {"tract": 6001405901, "pop": 4426, "burdenP": 74.5, "dpm": 0.36, "dpmP": 82.0, "pm25": 9.48, "asthma_rate": 97.6, "asthmaP": 91.9, "hispanic_pct": 41.3, "white_pct": 3.68, "black_pct": 14.19, "asian_pct": 37.4, "native_pct": 1.06, "other_pct": 2.37, "poverty_pct": 54.2}}, {"type": "Feature", "geometry": {"type": "Polygon", "coordinates": [[[-122.2435791904, 37.7924909584564], [-122.247188191144, 37.7899179576394], [-122.25052819245, 37.7928389573456], [-122.245015191713, 37.7967699585425], [-122.241707191192, 37.7938299587172], [-122.2435791904, 37.7924909584564]]]}, "properties": {"tract": 6001405402, "pop": 3357, "burdenP": 69.8, "dpm": 0.586, "dpmP": 92.6, "pm25": 9.56, "asthma_rate": 99.3, "asthmaP": 92.4, "hispanic_pct": 21.06, "white_pct": 17.25, "black_pct": 25.8, "asian_pct": 30.98, "native_pct": 0.24, "other_pct": 4.68, "poverty_pct": 43.6}}, {"type": "Feature", "geometry": {"type": "Polygon", "coordinates": [[[-122.253779196351, 37.8254669603964], [-122.250263195849, 37.8228799607383], [-122.249387195971, 37.823653961063], [-122.248872195074, 37.823394960841], [-122.249349195154, 37.8229439611573], [-122.247481194589, 37.8216039603999], [-122.251777196213, 37.8203279600368], [-122.253692195441, 37.8190059603131], [-122.255193196332, 37.820031959975], [-122.254430195862, 37.8200309600072], [-122.254489196373, 37.8203249605434], [-122.254290196305, 37.8203439601913], [-122.254579196388, 37.821532960299], [-122.254851196985, 37.8219719599395], [-122.257422196659, 37.8239259605123], [-122.258693196076, 37.8245199603357], [-122.256755195878, 37.8276329600942], [-122.254977197197, 37.8269089606154], [-122.25345419652, 37.825719960709], [-122.253779196351, 37.8254669603964]]]}, "properties": {"tract": 6001404000, "pop": 2895, "burdenP": 10.5, "dpm": 0.402, "dpmP": 85.0, "pm25": 9.58, "asthma_rate": 31.9, "asthmaP": 28.5, "hispanic_pct": 16.41, "white_pct": 55.2, "black_pct": 7.25, "asian_pct": 12.64, "native_pct": 1, "other_pct": 7.5, "poverty_pct": 16.8}}, {"type": "Feature", "geometry": {"type": "Polygon", "coordinates": [[[-122.232241191617, 37.816206961574], [-122.220172189319, 37.8135349619181], [-122.220918189993, 37.8133209620271], [-122.221515190002, 37.812920961793], [-122.221790189923, 37.8124969618633], [-122.221986190268, 37.8116379609245], [-122.222671189622, 37.8109139613026], [-122.223507190197, 37.810437960973], [-122.225060190448, 37.8099569608397], [-122.227586190485, 37.8081569611459], [-122.230410191613, 37.8072789610728], [-122.232079190828, 37.8072129608408], [-122.233021190156, 37.8068929604573], [-122.235005190801, 37.8072049606427], [-122.237213190855, 37.8070569609837], [-122.23815819123, 37.8079239603354], [-122.239454192035, 37.8083759601866], [-122.240284192071, 37.8088409597084], [-122.243254192539, 37.8109989600843], [-122.242289192409, 37.811569960153], [-122.240875192507, 37.8129999601258], [-122.239233192455, 37.8141309605868], [-122.238157191905, 37.8151229606908], [-122.237579192301, 37.8147879601964], [-122.236062191818, 37.8144589607758], [-122.23335019188, 37.8146049608459], [-122.232025190763, 37.8143349608439], [-122.232883191445, 37.8160559615682], [-122.233426191185, 37.8161399612462], [-122.233291192018, 37.8165499610841], [-122.232241191617, 37.816206961574]]]}, "properties": {"tract": 6001405100, "pop": 4285, "burdenP": 5.3, "dpm": 0.142, "dpmP": 49.3, "pm25": 9.43, "asthma_rate": 39.2, "asthmaP": 40.1, "hispanic_pct": 3.43, "white_pct": 65.02, "black_pct": 13.56, "asian_pct": 10.15, "native_pct": 0, "other_pct": 7.84, "poverty_pct": 4.3}}, {"type": "Feature", "geometry": {"type": "Polygon", "coordinates": [[[-122.276247202352, 37.8459649609826], [-122.275401202074, 37.8459649613581], [-122.272860201433, 37.8464369601401], [-122.270806201034, 37.8466499606476], [-122.269180200631, 37.8469349603027], [-122.269147200896, 37.8472179610018], [-122.268776201542, 37.8472659608347], [-122.26666619904, 37.8374869604775], [-122.274654201177, 37.8364129601256], [-122.2761572008, 37.8364929597729], [-122.276025200789, 37.836733959687], [-122.276305201497, 37.8366279600133], [-122.275731201188, 37.8381649598625], [-122.276123201326, 37.8383279604131], [-122.277023202563, 37.843594960936], [-122.277413202351, 37.8439149610349], [-122.278091202857, 37.8473309596927], [-122.277800203182, 37.8476059604268], [-122.276765202556, 37.8477029601094], [-122.276480202487, 37.8462609601377], [-122.276247202352, 37.8459649609826]]]}, "properties": {"tract": 6001400700, "pop": 5128, "burdenP": 70.1, "dpm": 0.352, "dpmP": 81.3, "pm25": 9.41, "asthma_rate": 104.2, "asthmaP": 93.8, "hispanic_pct": 19.38, "white_pct": 38.28, "black_pct": 28.24, "asian_pct": 6.42, "native_pct": 0, "other_pct": 7.68, "poverty_pct": 33.2}}, {"type": "Feature", "geometry": {"type": "Polygon", "coordinates": [[[-122.278710643786, 37.8271226121051], [-122.276066199502, 37.8188749585686], [-122.286239200697, 37.821167957644], [-122.283922200561, 37.8240699587608], [-122.283500200581, 37.8243439584743], [-122.2836562, 37.8244109586487], [-122.281024200416, 37.8277149580483], [-122.279817201266, 37.8272619579015], [-122.278710643786, 37.8271226121051]]]}, "properties": {"tract": 6001401500, "pop": 2839, "burdenP": 81.4, "dpm": 0.626, "dpmP": 93.8, "pm25": 9.89, "asthma_rate": 103.0, "asthmaP": 93.3, "hispanic_pct": 14.12, "white_pct": 36.91, "black_pct": 37.34, "asian_pct": 5.39, "native_pct": 0, "other_pct": 6.23, "poverty_pct": 35.6}}, {"type": "Feature", "geometry": {"type": "Polygon", "coordinates": [[[-122.241923196866, 37.8518189629958], [-122.242032197276, 37.8513779632086], [-122.242440197649, 37.8508379633546], [-122.244057197232, 37.8502619628566], [-122.243322196956, 37.8492099627368], [-122.24372919682, 37.8485179627538], [-122.247326197831, 37.8465679623921], [-122.254379198561, 37.8437779626158], [-122.257936198023, 37.8426109618865], [-122.25236719933, 37.8494729622091], [-122.252547199926, 37.8511089623635], [-122.250951199306, 37.8511929630097], [-122.249758198817, 37.8514539624213], [-122.248626198361, 37.8514529625998], [-122.246152198335, 37.851815962624], [-122.241938197804, 37.852021963533], [-122.241923196866, 37.8518189629958]]]}, "properties": {"tract": 6001400200, "pop": 2007, "burdenP": 2.9, "dpm": 0.591, "dpmP": 92.7, "pm25": 9.3, "asthma_rate": 20.5, "asthmaP": 9.8, "hispanic_pct": 8.67, "white_pct": 73.49, "black_pct": 2.59, "asian_pct": 8.52, "native_pct": 0.2, "other_pct": 6.53, "poverty_pct": 10.6}}, {"type": "Feature", "geometry": {"type": "Polygon", "coordinates": [[[-122.245916361676, 37.8450040559732], [-122.252423197053, 37.8345479615432], [-122.253051197736, 37.834979961342], [-122.25698419718, 37.8364979608837], [-122.262374198965, 37.8373189610409], [-122.262299199254, 37.8380319605525], [-122.264007199499, 37.8379599612573], [-122.265644199034, 37.8376409608838], [-122.264782198986, 37.8393709605202], [-122.26369219937, 37.8404049613661], [-122.261791198766, 37.8413959615935], [-122.254379198561, 37.8437779626158], [-122.247326197831, 37.8465679623921], [-122.24372919682, 37.8485179627538], [-122.245916361676, 37.8450040559732]]]}, "properties": {"tract": 6001400300, "pop": 5051, "burdenP": 15.9, "dpm": 0.497, "dpmP": 89.8, "pm25": 9.45, "asthma_rate": 30.9, "asthmaP": 26.6, "hispanic_pct": 6.95, "white_pct": 67.99, "black_pct": 9.09, "asian_pct": 12.14, "native_pct": 0, "other_pct": 3.84, "poverty_pct": 10.3}}, {"type": "Feature", "geometry": {"type": "Polygon", "coordinates": [[[-122.187652187369, 37.8362329661556], [-122.186814187221, 37.835934966293], [-122.186104187086, 37.8362509661073], [-122.184456186469, 37.8349279660512], [-122.184190187668, 37.833930965728], [-122.187090186614, 37.8295309655014], [-122.18707118579, 37.8272039657072], [-122.186797185695, 37.8270479659701], [-122.185890185919, 37.8255309659055], [-122.186690185325, 37.8235309652502], [-122.185990184923, 37.8207309649194], [-122.181490185097, 37.8195309650596], [-122.176990183535, 37.8162319655955], [-122.17509018341, 37.8143319654789], [-122.174490183189, 37.8104319643683], [-122.175798182886, 37.8073349652873], [-122.176142182625, 37.8072129649851], [-122.176490182164, 37.8068299648113], [-122.178212182141, 37.8040189643877], [-122.179226182624, 37.8050729644731], [-122.179896183722, 37.8068729645208], [-122.180701184167, 37.8083429647202], [-122.181193184017, 37.8087899644449], [-122.182370184497, 37.8093889651805], [-122.184445183993, 37.8097629647717], [-122.186897183403, 37.8093139643225], [-122.188891184445, 37.8098269635983], [-122.190986185279, 37.8096549640835], [-122.193237185519, 37.8105059628635], [-122.195802185339, 37.8109979627587], [-122.197424185857, 37.8109279633877], [-122.197804186433, 37.810593962531], [-122.199802186782, 37.8123329629774], [-122.201498187486, 37.8142239632285], [-122.207378188858, 37.8216519635712], [-122.206771189755, 37.8220749636607], [-122.206803189566, 37.8222539641203], [-122.207945187947, 37.823086963441], [-122.209055188763, 37.8244409641523], [-122.207236189671, 37.8248789637442], [-122.206067189752, 37.8243429645495], [-122.204478188624, 37.8240889639776], [-122.20370318942, 37.8237279642286], [-122.20318018857, 37.8238049646689], [-122.202591189, 37.8244059641651], [-122.202774189479, 37.8257679649094], [-122.202252189099, 37.8273029644149], [-122.201536189396, 37.8286529637219], [-122.200776188681, 37.8293279645385], [-122.196619188047, 37.8313809650771], [-122.19378918761, 37.8321539653921], [-122.19285618791, 37.8329109649025], [-122.191961187362, 37.8340769656663], [-122.190908188111, 37.8346759653691], [-122.188662187723, 37.8352399655167], [-122.18711118673, 37.8350889661883], [-122.186987186738, 37.8354239660541], [-122.187301187168, 37.8355349657072], [-122.187614186564, 37.8359059657482], [-122.188042186675, 37.8358949659845], [-122.187652187369, 37.8362329661556]]]}, "properties": {"tract": 6001404600, "pop": 4625, "burdenP": 2.5, "dpm": 0.108, "dpmP": 39.8, "pm25": 8.91, "asthma_rate": 33.8, "asthmaP": 31.6, "hispanic_pct": 4.82, "white_pct": 69.69, "black_pct": 3.85, "asian_pct": 15.35, "native_pct": 0.17, "other_pct": 6.12, "poverty_pct": 10}}, {"type": "Feature", "geometry": {"type": "Polygon", "coordinates": [[[-122.178196176743, 37.7548839599515], [-122.174982175504, 37.7505509600067], [-122.181432176778, 37.747535959062], [-122.183334175598, 37.7464669593385], [-122.185087177017, 37.7486019595449], [-122.185449176492, 37.7484329590155], [-122.185888176262, 37.7491609594097], [-122.186151177167, 37.7488179592312], [-122.188593177679, 37.7473819589117], [-122.190744177491, 37.745819958663], [-122.193637178469, 37.7483269584868], [-122.192437178147, 37.7497389586002], [-122.185023177441, 37.753299959081], [-122.184578177444, 37.7527869596369], [-122.179130177086, 37.7554759595734], [-122.178196176743, 37.7548839599515]]]}, "properties": {"tract": 6001409500, "pop": 4128, "burdenP": 91.4, "dpm": 0.578, "dpmP": 92.3, "pm25": 8.5, "asthma_rate": 194.4, "asthmaP": 99.7, "hispanic_pct": 64.87, "white_pct": 4.19, "black_pct": 25, "asian_pct": 3.68, "native_pct": 0.12, "other_pct": 2.13, "poverty_pct": 60.1}}, {"type": "Feature", "geometry": {"type": "Polygon", "coordinates": [[[-122.250505770927, 37.7928549459421], [-122.253868193713, 37.7957899580637], [-122.250175193188, 37.7984319584119], [-122.251030193469, 37.79918495848], [-122.250146192731, 37.7998239583287], [-122.250552193396, 37.8001419584153], [-122.248997192431, 37.8003279588685], [-122.245015191713, 37.7967699585425], [-122.250505770927, 37.7928549459421]]]}, "properties": {"tract": 6001405401, "pop": 3648, "burdenP": 64.7, "dpm": 0.415, "dpmP": 85.7, "pm25": 9.81, "asthma_rate": 99.3, "asthmaP": 92.4, "hispanic_pct": 22.59, "white_pct": 20.53, "black_pct": 16.23, "asian_pct": 35.01, "native_pct": 0, "other_pct": 5.65, "poverty_pct": 35.8}}, {"type": "Feature", "geometry": {"type": "Polygon", "coordinates": [[[-122.254518194066, 37.8005659580625], [-122.251809192997, 37.7996839583607], [-122.250175193188, 37.7984319584119], [-122.253868193713, 37.7957899580637], [-122.257143193053, 37.7987299582309], [-122.258484193665, 37.7983289575695], [-122.259587193095, 37.7985569578759], [-122.259079193958, 37.798525957962], [-122.258586193563, 37.7991359583673], [-122.257707193736, 37.7997229581626], [-122.256701193546, 37.8000009585613], [-122.255325192988, 37.8000189587617], [-122.254795194043, 37.8002499580275], [-122.254518194066, 37.8005659580625]]]}, "properties": {"tract": 6001405302, "pop": 2373, "burdenP": 59.1, "dpm": 0.347, "dpmP": 80.8, "pm25": 9.81, "asthma_rate": 87.0, "asthmaP": 88.7, "hispanic_pct": 8.09, "white_pct": 30.76, "black_pct": 12.81, "asian_pct": 42.31, "native_pct": 0.34, "other_pct": 5.69, "poverty_pct": 39.2}}, {"type": "Feature", "geometry": {"type": "Polygon", "coordinates": [[[-122.250146192731, 37.7998239583287], [-122.251030193469, 37.79918495848], [-122.251809192997, 37.7996839583607], [-122.254518194066, 37.8005659580625], [-122.25443519402, 37.8020259585712], [-122.253337194403, 37.8037989593251], [-122.252890194312, 37.804063959044], [-122.251139193319, 37.8044429589556], [-122.250610193649, 37.8052419590566], [-122.249331192969, 37.8048279597772], [-122.248424193107, 37.8004479586265], [-122.250552193396, 37.8001419584153], [-122.250146192731, 37.7998239583287]]]}, "properties": {"tract": 6001405301, "pop": 2954, "burdenP": 41.5, "dpm": 0.208, "dpmP": 63.5, "pm25": 9.58, "asthma_rate": 93.1, "asthmaP": 90.5, "hispanic_pct": 18.28, "white_pct": 52.64, "black_pct": 11.48, "asian_pct": 10.73, "native_pct": 0, "other_pct": 6.87, "poverty_pct": 17.2}}, {"type": "Feature", "geometry": {"type": "Polygon", "coordinates": [[[-122.249478197021, 37.8323059611895], [-122.248755196971, 37.831718961088], [-122.246977196637, 37.8330799618231], [-122.246110196328, 37.8324729616998], [-122.24505119584, 37.8320649617689], [-122.243956195283, 37.8304299612173], [-122.243192194704, 37.830045961347], [-122.244273195709, 37.8283219609352], [-122.247693195705, 37.8262459616332], [-122.247728195399, 37.8270099611284], [-122.249366196214, 37.8287059610616], [-122.25246619618, 37.8263779609112], [-122.254033197049, 37.8276669599274], [-122.256216196125, 37.8284879604944], [-122.253029197708, 37.833561961197], [-122.252128197058, 37.8343349611608], [-122.252423197053, 37.8345479615432], [-122.250536197498, 37.8336729610269], [-122.249478197021, 37.8323059611895]]]}, "properties": {"tract": 6001404101, "pop": 3017, "burdenP": 11.3, "dpm": 0.145, "dpmP": 50.2, "pm25": 9.36, "asthma_rate": 30.4, "asthmaP": 25.6, "hispanic_pct": 7.03, "white_pct": 62.18, "black_pct": 7.86, "asian_pct": 12.6, "native_pct": 0.36, "other_pct": 9.98, "poverty_pct": 9.6}}, {"type": "Feature", "geometry": {"type": "Polygon", "coordinates": [[[-122.211747184049, 37.7746859586196], [-122.214807183797, 37.77238095897], [-122.225816186552, 37.7776479584197], [-122.222742186968, 37.7837539595806], [-122.219410186306, 37.7825269595143], [-122.219113186462, 37.7822049594861], [-122.218629186159, 37.7807799591003], [-122.211747184049, 37.7746859586196]]]}, "properties": {"tract": 6001407200, "pop": 6985, "burdenP": 86.1, "dpm": 0.563, "dpmP": 91.8, "pm25": 9.11, "asthma_rate": 129.2, "asthmaP": 97.2, "hispanic_pct": 64.98, "white_pct": 9.55, "black_pct": 8.45, "asian_pct": 13.9, "native_pct": 0.21, "other_pct": 2.91, "poverty_pct": 55.9}}, {"type": "Feature", "geometry": {"type": "Polygon", "coordinates": [[[-122.194351178806, 37.7546199590078], [-122.193887179006, 37.7544479587134], [-122.192477179306, 37.7547739591327], [-122.193193178462, 37.754102958513], [-122.193301179092, 37.7535649580977], [-122.195530179388, 37.7519899593698], [-122.196688179552, 37.7531149578287], [-122.198089179337, 37.7522189593086], [-122.202522181371, 37.756081958167], [-122.200835180236, 37.7567869587876], [-122.205624182198, 37.7608509585908], [-122.199515180932, 37.7651539596431], [-122.187067178654, 37.7592689596038], [-122.194351178806, 37.7546199590078]]]}, "properties": {"tract": 6001408800, "pop": 7149, "burdenP": 96.2, "dpm": 0.321, "dpmP": 78.4, "pm25": 8.83, "asthma_rate": 194.4, "asthmaP": 99.7, "hispanic_pct": 46.64, "white_pct": 5.41, "black_pct": 38.02, "asian_pct": 9.36, "native_pct": 0, "other_pct": 0.57, "poverty_pct": 65.1}}, {"type": "Feature", "geometry": {"type": "Polygon", "coordinates": [[[-122.262084196686, 37.8237589598749], [-122.262066196904, 37.8229929601798], [-122.268576197877, 37.8244669599033], [-122.268381197897, 37.8251889597947], [-122.268504198309, 37.8267999603122], [-122.267841198211, 37.8270489600194], [-122.265660199258, 37.8375829603174], [-122.264007199499, 37.8379599612573], [-122.262299199254, 37.8380319605525], [-122.262374198965, 37.8373189610409], [-122.260234197904, 37.8370569611307], [-122.25954419852, 37.836829961086], [-122.26020619839, 37.834269960624], [-122.259975197596, 37.8320059604237], [-122.262084196686, 37.8237589598749]]]}, "properties": {"tract": 6001401100, "pop": 4287, "burdenP": 63.9, "dpm": 0.637, "dpmP": 94.1, "pm25": 9.67, "asthma_rate": 101.5, "asthmaP": 93.0, "hispanic_pct": 10.75, "white_pct": 52.39, "black_pct": 7.74, "asian_pct": 20.08, "native_pct": 0, "other_pct": 9.03, "poverty_pct": 29}}, {"type": "Feature", "geometry": {"type": "Polygon", "coordinates": [[[-122.273390075971, 37.8127444763079], [-122.274135198173, 37.812833957356], [-122.278606200411, 37.8268289589956], [-122.268428198039, 37.8244279592155], [-122.269193198534, 37.8222949595411], [-122.27021219748, 37.8183069588417], [-122.271259197997, 37.8153299578688], [-122.272045197338, 37.8140419576159], [-122.273390075971, 37.8127444763079]]]}, "properties": {"tract": 6001401400, "pop": 4732, "burdenP": 82.1, "dpm": 1.259, "dpmP": 99.0, "pm25": 10.12, "asthma_rate": 81.9, "asthmaP": 86.5, "hispanic_pct": 18.96, "white_pct": 25.74, "black_pct": 31.93, "asian_pct": 12.37, "native_pct": 1.54, "other_pct": 9.47, "poverty_pct": 54.2}}, {"type": "Feature", "geometry": {"type": "Polygon", "coordinates": [[[-122.198753190379, 37.8436059659306], [-122.195300189008, 37.842821966682], [-122.196114189778, 37.8420099659715], [-122.195722189127, 37.8419649661512], [-122.195137188703, 37.841557966201], [-122.194317188538, 37.8413709663706], [-122.193960189125, 37.8410329661923], [-122.193936188611, 37.8407629664765], [-122.19179118817, 37.839830966009], [-122.189692188243, 37.838031966177], [-122.188890187167, 37.8376309665572], [-122.185290186919, 37.8370309664196], [-122.184687186631, 37.8358329660315], [-122.184456186469, 37.8349279660512], [-122.186037187007, 37.8362339661176], [-122.186814187221, 37.835934966293], [-122.187652187369, 37.8362329661556], [-122.188042186675, 37.8358949659845], [-122.187614186564, 37.8359059657482], [-122.187301187168, 37.8355349657072], [-122.186987186738, 37.8354239660541], [-122.18711118673, 37.8350889661883], [-122.188662187723, 37.8352399655167], [-122.190908188111, 37.8346759653691], [-122.191961187362, 37.8340769656663], [-122.19285618791, 37.8329109649025], [-122.19378918761, 37.8321539653921], [-122.196619188047, 37.8313809650771], [-122.200776188681, 37.8293279645385], [-122.201536189396, 37.8286529637219], [-122.202252189099, 37.8273029644149], [-122.202774189479, 37.8257679649094], [-122.20256718876, 37.8245049646833], [-122.203059189013, 37.8238719644181], [-122.20370318942, 37.8237279642286], [-122.204478188624, 37.8240889639776], [-122.20627318896, 37.8243999642882], [-122.207236189671, 37.8248789637442], [-122.209055188763, 37.8244409641523], [-122.207945187947, 37.823086963441], [-122.206803189566, 37.8222539641203], [-122.206771189755, 37.8220749636607], [-122.207378188858, 37.8216519635712], [-122.212647189905, 37.8280949642673], [-122.215794190921, 37.8312649630428], [-122.215268190626, 37.8315239633716], [-122.214561190914, 37.8327979638397], [-122.212223191087, 37.8346089640691], [-122.210560190768, 37.8390989646992], [-122.209654191324, 37.8404839652392], [-122.20925619115, 37.8414799652654], [-122.208326192038, 37.8418039649028], [-122.206590191069, 37.8417999654321], [-122.204716191607, 37.8424369659617], [-122.203421191156, 37.8432199654791], [-122.20235119076, 37.8434769663263], [-122.201076190231, 37.8432119657365], [-122.199713190358, 37.8435769663541], [-122.198753190379, 37.8436059659306]]]}, "properties": {"tract": 6001404502, "pop": 5891, "burdenP": 5.3, "dpm": 0.125, "dpmP": 44.6, "pm25": 8.91, "asthma_rate": 35.2, "asthmaP": 33.9, "hispanic_pct": 7.62, "white_pct": 75.51, "black_pct": 1.14, "asian_pct": 10.19, "native_pct": 0, "other_pct": 5.55, "poverty_pct": 3.2}}, {"type": "Feature", "geometry": {"type": "Polygon", "coordinates": [[[-122.235267193903, 37.8305389619728], [-122.232112191794, 37.824774962058], [-122.23155219359, 37.8244179626525], [-122.232643192241, 37.8239989622246], [-122.234025192615, 37.8229669615653], [-122.23452519314, 37.8231799618415], [-122.235390192441, 37.8230459619853], [-122.235848193261, 37.823311961638], [-122.236442192947, 37.8230769617257], [-122.236499193034, 37.8227889614076], [-122.238022193437, 37.8216499615547], [-122.238363193121, 37.8211049611864], [-122.238378192964, 37.8206339609422], [-122.238148193459, 37.8205329610461], [-122.237306192462, 37.8208119615352], [-122.23662119274, 37.8202259616636], [-122.237516192618, 37.8191819616164], [-122.237614193024, 37.8184789609959], [-122.238902192462, 37.8181199609461], [-122.239323192624, 37.8178459611108], [-122.24336419433, 37.8187579603186], [-122.244204194355, 37.8190319606128], [-122.245701194691, 37.8198359610116], [-122.247481194589, 37.8216039603999], [-122.249349195154, 37.8229439611573], [-122.248872195074, 37.823394960841], [-122.249387195971, 37.823653961063], [-122.248131195185, 37.8248199609723], [-122.247693195705, 37.8262459616332], [-122.244273195709, 37.8283219609352], [-122.243192194704, 37.830045961347], [-122.242728195023, 37.8300259612579], [-122.240948194865, 37.83046296189], [-122.237905193665, 37.8306279614792], [-122.237164194206, 37.8308469616633], [-122.236572193527, 37.8305769614148], [-122.235267193903, 37.8305389619728]]]}, "properties": {"tract": 6001426200, "pop": 4796, "burdenP": 14.5, "dpm": 0.134, "dpmP": 47.0, "pm25": 9.43, "asthma_rate": 33.3, "asthmaP": 30.9, "hispanic_pct": 7.01, "white_pct": 67.6, "black_pct": 2.29, "asian_pct": 15.2, "native_pct": 0.08, "other_pct": 7.82, "poverty_pct": 4.7}}, {"type": "Feature", "geometry": {"type": "Polygon", "coordinates": [[[-122.257143193053, 37.7987299582309], [-122.247188191144, 37.7899179576394], [-122.2452511911, 37.7889969588554], [-122.235913188136, 37.7834149584263], [-122.236680188706, 37.7826149586515], [-122.238628188817, 37.7837719580302], [-122.238736188472, 37.7835209581358], [-122.238576189304, 37.7831589581444], [-122.237605188438, 37.782492958025], [-122.237303188426, 37.782032957728], [-122.236627188396, 37.777569957842], [-122.236032187393, 37.7767819578793], [-122.236331187606, 37.7766479573424], [-122.236155187934, 37.7747519576873], [-122.23585218695, 37.7735549569096], [-122.235875187317, 37.7726499570254], [-122.236579186828, 37.771735957052], [-122.240697188377, 37.7743319571649], [-122.244893189858, 37.7773589569856], [-122.244991190126, 37.7809299570585], [-122.246192190479, 37.7834309578359], [-122.250593191064, 37.7861319574985], [-122.254793190963, 37.7867329570889], [-122.255593191641, 37.7863329578512], [-122.25789319117, 37.7842329565369], [-122.26839319445, 37.7880329570956], [-122.264461193883, 37.7906829564154], [-122.263031193736, 37.7908209565538], [-122.262976193634, 37.7911799568283], [-122.26327119305, 37.7915479564871], [-122.262759192926, 37.7915669563138], [-122.26208219364, 37.792376956484], [-122.261713193917, 37.7934229567016], [-122.261104193015, 37.7940559569904], [-122.261165193829, 37.7951049575453], [-122.260057193573, 37.7954509569982], [-122.259506193455, 37.7965589574401], [-122.259457193449, 37.797890957756], [-122.260285193327, 37.7982839578553], [-122.258862193426, 37.7980139576539], [-122.259394194057, 37.798452957761], [-122.258123192999, 37.7983649575373], [-122.257143193053, 37.7987299582309]]]}, "properties": {"tract": 6001406000, "pop": 3796, "burdenP": 88.1, "dpm": 0.978, "dpmP": 98.1, "pm25": 9.81, "asthma_rate": 96.9, "asthmaP": 91.7, "hispanic_pct": 23.6, "white_pct": 18.49, "black_pct": 13.83, "asian_pct": 41.97, "native_pct": 0, "other_pct": 2.11, "poverty_pct": 50.3}}, {"type": "Feature", "geometry": {"type": "Polygon", "coordinates": [[[-122.265656033957, 37.8375839100392], [-122.267841198211, 37.8270489600194], [-122.268504198309, 37.8267999603122], [-122.268381197897, 37.8251889597947], [-122.268576197877, 37.8244669599033], [-122.278606200411, 37.8268289589956], [-122.278733201217, 37.8271929586575], [-122.278133200509, 37.8270379579567], [-122.278632200322, 37.8286109582285], [-122.275646200727, 37.8364649596433], [-122.274654201177, 37.8364129601256], [-122.265656033957, 37.8375839100392]]]}, "properties": {"tract": 6001401000, "pop": 6133, "burdenP": 80.4, "dpm": 1.484, "dpmP": 99.4, "pm25": 9.62, "asthma_rate": 92.5, "asthmaP": 90.4, "hispanic_pct": 18.72, "white_pct": 33.44, "black_pct": 30.36, "asian_pct": 8.27, "native_pct": 0, "other_pct": 9.21, "poverty_pct": 27}}, {"type": "Feature", "geometry": {"type": "Polygon", "coordinates": [[[-122.275731201188, 37.8381649598625], [-122.276305201497, 37.8366279600133], [-122.27866720146, 37.8368949596693], [-122.279604202126, 37.8371519593673], [-122.281872201118, 37.8368629595176], [-122.28195920124, 37.8371289590856], [-122.282144200908, 37.8371569590956], [-122.28463320137, 37.8367029589122], [-122.28558920257, 37.839782959094], [-122.282298201488, 37.8413669599664], [-122.277023202563, 37.843594960936], [-122.276123201326, 37.8383279604131], [-122.275731201188, 37.8381649598625]]]}, "properties": {"tract": 6001400900, "pop": 2471, "burdenP": 76.1, "dpm": 0.35, "dpmP": 81.1, "pm25": 9.46, "asthma_rate": 119.2, "asthmaP": 95.8, "hispanic_pct": 15.82, "white_pct": 41.64, "black_pct": 28.77, "asian_pct": 4.09, "native_pct": 2.47, "other_pct": 7.2, "poverty_pct": 28.2}}, {"type": "Feature", "geometry": {"type": "Polygon", "coordinates": [[[-122.220301195189, 37.8597239658383], [-122.219955195424, 37.8595209659782], [-122.2194041948, 37.8595509663672], [-122.219666195086, 37.8588189655881], [-122.21921419477, 37.8583609656999], [-122.219290194621, 37.8576109661303], [-122.218667194993, 37.8573409661766], [-122.217955194519, 37.8573899656761], [-122.217885194765, 37.856573966121], [-122.217550193805, 37.8564789655759], [-122.216666193626, 37.8566239659805], [-122.216643193874, 37.8560469652721], [-122.214452193335, 37.856259965558], [-122.213795193138, 37.8560329660113], [-122.214480193223, 37.8560199657506], [-122.214105193617, 37.855881966113], [-122.214043192879, 37.8556739654303], [-122.212393193174, 37.8572389661826], [-122.211939193147, 37.8569419659509], [-122.210791193124, 37.8550309662627], [-122.210991192726, 37.8545309660043], [-122.208499193367, 37.8516949654653], [-122.207874192726, 37.8517549656266], [-122.207245192613, 37.8515159659206], [-122.20410719213, 37.8513919659581], [-122.200691190979, 37.8475939659865], [-122.196791189636, 37.8448299663545], [-122.19528718914, 37.8435919665505], [-122.195300189008, 37.842821966682], [-122.198753190379, 37.8436059659306], [-122.199713190358, 37.8435769663541], [-122.201076190231, 37.8432119657365], [-122.20235119076, 37.8434769663263], [-122.203421191156, 37.8432199654791], [-122.204716191607, 37.8424369659617], [-122.206590191069, 37.8417999654321], [-122.208039191313, 37.8418379654027], [-122.209136190516, 37.8415659649188], [-122.210560190768, 37.8390989646992], [-122.212223191087, 37.8346089640691], [-122.214561190914, 37.8327979638397], [-122.215210191423, 37.8316939632898], [-122.215634190856, 37.8321269634732], [-122.217049191348, 37.8326789634569], [-122.219801192698, 37.8365279642445], [-122.222224192994, 37.838441964199], [-122.224257193402, 37.8407959636579], [-122.227225195258, 37.8448739644045], [-122.22771619461, 37.846009964374], [-122.227835195371, 37.847572963424], [-122.23072719576, 37.848914963963], [-122.228632195218, 37.8490269640838], [-122.231580196425, 37.8497209636494], [-122.231580196185, 37.8502449634505], [-122.232414196075, 37.850702963544], [-122.233464195181, 37.8519959636027], [-122.234152195391, 37.8524419640429], [-122.234097195704, 37.852522963633], [-122.233648196081, 37.8523179637824], [-122.232984196071, 37.8515489640024], [-122.232338196637, 37.8514009639163], [-122.231438195965, 37.8508859636139], [-122.226761195589, 37.8499669638319], [-122.226616195618, 37.8503649638215], [-122.225259195273, 37.8502509640033], [-122.224832195228, 37.8506779641486], [-122.224253194409, 37.8509379644851], [-122.224214194608, 37.8512509647052], [-122.224616194937, 37.8518369647729], [-122.223757195341, 37.8520319650885], [-122.223562194812, 37.8522509650232], [-122.223603195252, 37.8527449646824], [-122.224129195378, 37.8534199649697], [-122.22317619511, 37.8539159653117], [-122.223541195254, 37.8550929650699], [-122.222609195257, 37.8548769650964], [-122.221650194385, 37.8552179653745], [-122.221669195467, 37.8559589655167], [-122.22236819514, 37.8569369654697], [-122.222281195137, 37.8572989654694], [-122.222644194865, 37.8577769656196], [-122.222064195484, 37.8583519658902], [-122.222066195989, 37.8588929658819], [-122.221420195784, 37.8590689656909], [-122.22096719484, 37.8602629659664], [-122.220688194943, 37.8602579663242], [-122.220301195189, 37.8597239658383]]]}, "properties": {"tract": 6001404400, "pop": 5628, "burdenP": 2.4, "dpm": 0.176, "dpmP": 57.6, "pm25": 8.99, "asthma_rate": 23.8, "asthmaP": 14.5, "hispanic_pct": 5.31, "white_pct": 67, "black_pct": 2.33, "asian_pct": 12.95, "native_pct": 0.32, "other_pct": 12.08, "poverty_pct": 9.5}}, {"type": "Feature", "geometry": {"type": "Polygon", "coordinates": [[[-122.252958199981, 37.8511749622905], [-122.253062199678, 37.8508869621045], [-122.252547199926, 37.8511089623635], [-122.25236719933, 37.8494729622091], [-122.257936198023, 37.8426109618865], [-122.26187319869, 37.8413579609886], [-122.260245200103, 37.8527469622853], [-122.253367199901, 37.8535869623627], [-122.252958199981, 37.8511749622905]]]}, "properties": {"tract": 6001400400, "pop": 4007, "burdenP": 19.0, "dpm": 0.327, "dpmP": 79.1, "pm25": 9.37, "asthma_rate": 49.6, "asthmaP": 56.0, "hispanic_pct": 12.1, "white_pct": 63.74, "black_pct": 6.64, "asian_pct": 10.48, "native_pct": 0.87, "other_pct": 6.16, "poverty_pct": 21.1}}, {"type": "Feature", "geometry": {"type": "Polygon", "coordinates": [[[-122.257702148337, 37.8261177380414], [-122.260019196565, 37.8224259597914], [-122.262066196904, 37.8229929601798], [-122.262084196686, 37.8237589598749], [-122.259975197596, 37.8320059604237], [-122.26020619839, 37.834269960624], [-122.25954419852, 37.836829961086], [-122.259915198624, 37.8369989613741], [-122.25736119734, 37.8365889609008], [-122.256297196781, 37.8362519613208], [-122.253051197736, 37.834979961342], [-122.252128197058, 37.8343349611608], [-122.253029197708, 37.833561961197], [-122.257702148337, 37.8261177380414]]]}, "properties": {"tract": 6001401200, "pop": 2619, "burdenP": 38.1, "dpm": 0.259, "dpmP": 71.5, "pm25": 9.54, "asthma_rate": 89.8, "asthmaP": 89.5, "hispanic_pct": 12.18, "white_pct": 61.02, "black_pct": 11.26, "asian_pct": 11.49, "native_pct": 0.08, "other_pct": 3.97, "poverty_pct": 20.4}}, {"type": "Feature", "geometry": {"type": "Polygon", "coordinates": [[[-122.25311220029, 37.8570929636439], [-122.252547199926, 37.8511089623635], [-122.253062199678, 37.8508869621045], [-122.252958199981, 37.8511749622905], [-122.253367199901, 37.8535869623627], [-122.261842199939, 37.8525849621821], [-122.262442200463, 37.8558359624807], [-122.25311220029, 37.8570929636439]]]}, "properties": {"tract": 6001423902, "pop": 1605, "burdenP": 15.5, "dpm": 0.311, "dpmP": 77.5, "pm25": 9.19, "asthma_rate": 28.8, "asthmaP": 23.1, "hispanic_pct": 5.98, "white_pct": 70.72, "black_pct": 2.93, "asian_pct": 15.45, "native_pct": 0, "other_pct": 4.92, "poverty_pct": 14.1}}, {"type": "Feature", "geometry": {"type": "Polygon", "coordinates": [[[-122.262482201295, 37.8556449621932], [-122.261842199939, 37.8525849621821], [-122.268912202037, 37.8516129614005], [-122.26841920072, 37.8487199607746], [-122.269705200812, 37.8486129606688], [-122.269621201001, 37.8480829612962], [-122.269147200896, 37.8472179610018], [-122.269180200631, 37.8469349603027], [-122.271283200992, 37.846566960702], [-122.271870201993, 37.8472399609833], [-122.271661201346, 37.8484379611843], [-122.270827201987, 37.8506719611751], [-122.271174201756, 37.8542729612152], [-122.270034201758, 37.8544459614231], [-122.269693201962, 37.8546309615167], [-122.269233202298, 37.8546099613002], [-122.268369201432, 37.8550689619321], [-122.262420200583, 37.8558699627122], [-122.262482201295, 37.8556449621932]]]}, "properties": {"tract": 6001423901, "pop": 2054, "burdenP": 34.8, "dpm": 0.262, "dpmP": 71.9, "pm25": 9.25, "asthma_rate": 41.5, "asthmaP": 43.9, "hispanic_pct": 13.92, "white_pct": 62.76, "black_pct": 10.66, "asian_pct": 9.1, "native_pct": 0.34, "other_pct": 3.21, "poverty_pct": 27}}, {"type": "Feature", "geometry": {"type": "Polygon", "coordinates": [[[-122.278923203246, 37.8523759608526], [-122.277800203182, 37.8476059604268], [-122.279586202633, 37.84751595963], [-122.281811202386, 37.8469769599245], [-122.282658203029, 37.8491889600963], [-122.283561202913, 37.848979959743], [-122.2838422032, 37.8502339598651], [-122.284193203297, 37.8507309599213], [-122.286131203265, 37.8501099600001], [-122.286807204054, 37.8521829598243], [-122.281399202738, 37.8532229602947], [-122.279313203407, 37.8532889609267], [-122.279134203438, 37.8532919607607], [-122.278923203246, 37.8523759608526]]]}, "properties": {"tract": 6001424002, "pop": 2583, "burdenP": 62.6, "dpm": 0.276, "dpmP": 73.8, "pm25": 9.3, "asthma_rate": 81.6, "asthmaP": 86.1, "hispanic_pct": 22.69, "white_pct": 27.37, "black_pct": 33.6, "asian_pct": 10.34, "native_pct": 0.54, "other_pct": 5.46, "poverty_pct": 20.5}}, {"type": "Feature", "geometry": {"type": "Polygon", "coordinates": [[[-122.282786200276, 37.8279809581833], [-122.281270200292, 37.8276389582028], [-122.281024200416, 37.8277149580483], [-122.2836562, 37.8244109586487], [-122.283500200581, 37.8243439584743], [-122.283922200561, 37.8240699587608], [-122.289135200442, 37.8174499568781], [-122.289683200759, 37.8170069572063], [-122.290769200641, 37.8154159571468], [-122.294007200491, 37.8114199561397], [-122.297876201581, 37.8133019557655], [-122.30202520204, 37.8080629553845], [-122.302459202464, 37.806986955645], [-122.304039201668, 37.8073929560273], [-122.304901201441, 37.8080969547226], [-122.306434201996, 37.8079389547643], [-122.310352202824, 37.8087089541893], [-122.31114220275, 37.8090479542762], [-122.31222720277, 37.8086619541322], [-122.320210204288, 37.8093229540205], [-122.321405205229, 37.8091139536558], [-122.322833204737, 37.8082929534748], [-122.32356420503, 37.8080439532329], [-122.327816205052, 37.8076629530368], [-122.328475204657, 37.8083269530039], [-122.328717205323, 37.8098629529839], [-122.333357647398, 37.8102872584703], [-122.323579839403, 37.8232191971472], [-122.317689304767, 37.8268189667029], [-122.306235480691, 37.827473475859], [-122.303944702828, 37.8300914986886], [-122.303303087327, 37.8344224623182], [-122.294341203694, 37.8323599579281], [-122.293201203267, 37.8313769574569], [-122.291037202588, 37.8301979576097], [-122.286276201669, 37.8290949583811], [-122.282786200276, 37.8279809581833]]]}, "properties": {"tract": 6001401700, "pop": 3018, "burdenP": 80.1, "dpm": 0.967, "dpmP": 98.0, "pm25": 9.69, "asthma_rate": 129.4, "asthmaP": 97.2, "hispanic_pct": 26.64, "white_pct": 38.87, "black_pct": 17.03, "asian_pct": 12.16, "native_pct": 0, "other_pct": 5.3, "poverty_pct": 18.2}}, {"type": "Feature", "geometry": {"type": "Polygon", "coordinates": [[[-122.197804186433, 37.810593962531], [-122.194467185495, 37.8078539641038], [-122.194072184925, 37.8074279633081], [-122.194976185606, 37.8081979637863], [-122.195271185451, 37.8081489641371], [-122.193398185318, 37.8062489633659], [-122.19256918504, 37.8051279636897], [-122.19355918497, 37.805722963586], [-122.19421018507, 37.8056949637917], [-122.194512185263, 37.8055139635619], [-122.194225184773, 37.8048849637789], [-122.193592184894, 37.8044349629461], [-122.192678184358, 37.8030799632775], [-122.193632184524, 37.8031359628568], [-122.194098184138, 37.8029609630083], [-122.193395184491, 37.8013309630078], [-122.193723184274, 37.8013949629611], [-122.194278184757, 37.8018079626302], [-122.194655184144, 37.801799963292], [-122.194883184828, 37.8013189628437], [-122.195350185163, 37.8008869630527], [-122.195822184024, 37.799891962731], [-122.196359185138, 37.7995569628756], [-122.196223184148, 37.798797962759], [-122.196783185072, 37.798156962328], [-122.19749218477, 37.7993439626769], [-122.198265185527, 37.7995549626154], [-122.198410185177, 37.8000689626294], [-122.199299185444, 37.7993509622474], [-122.200081184623, 37.7974229617456], [-122.200519185713, 37.7969249615066], [-122.201378185333, 37.7976699618903], [-122.203384185359, 37.7961009611022], [-122.204855185703, 37.7972979612571], [-122.207738185329, 37.7986079617325], [-122.208999186203, 37.7985059611847], [-122.214130187501, 37.7998099612868], [-122.207385186829, 37.8064139621883], [-122.205372187317, 37.8077659629755], [-122.202249186883, 37.8094979627183], [-122.201547186727, 37.8103029630086], [-122.200900186488, 37.8104609627426], [-122.198583185761, 37.8102099630784], [-122.197804186433, 37.810593962531]]]}, "properties": {"tract": 6001406700, "pop": 5159, "burdenP": 13.5, "dpm": 0.17, "dpmP": 56.3, "pm25": 9.08, "asthma_rate": 64.8, "asthmaP": 74.1, "hispanic_pct": 13.82, "white_pct": 45.13, "black_pct": 14.5, "asian_pct": 20.53, "native_pct": 0.66, "other_pct": 5.37, "poverty_pct": 19.8}}, {"type": "Feature", "geometry": {"type": "Polygon", "coordinates": [[[-122.217300186023, 37.7839259602621], [-122.219113186462, 37.7822049594861], [-122.219335185998, 37.7824809592749], [-122.22014218682, 37.7828919596174], [-122.222742186968, 37.7837539595806], [-122.218482187011, 37.7944809598438], [-122.217356186687, 37.79418296035], [-122.216310187035, 37.7936909605624], [-122.21700918644, 37.7928009600777], [-122.211655185594, 37.7902849609749], [-122.209832185058, 37.7883079607708], [-122.217300186023, 37.7839259602621]]]}, "properties": {"tract": 6001406500, "pop": 6586, "burdenP": 69.7, "dpm": 0.194, "dpmP": 61.0, "pm25": 9.21, "asthma_rate": 96.0, "asthmaP": 91.6, "hispanic_pct": 50.47, "white_pct": 11.69, "black_pct": 16.47, "asian_pct": 16.82, "native_pct": 0, "other_pct": 4.54, "poverty_pct": 50}}, {"type": "Feature", "geometry": {"type": "Polygon", "coordinates": [[[-122.271174201756, 37.8542729612152], [-122.279134203438, 37.8532919607607], [-122.280712205403, 37.8608609617255], [-122.281239204228, 37.862209961433], [-122.27217420361, 37.8633569628171], [-122.271174201756, 37.8542729612152]]]}, "properties": {"tract": 6001423400, "pop": 5163, "burdenP": 42.8, "dpm": 0.279, "dpmP": 74.1, "pm25": 9.15, "asthma_rate": 59.4, "asthmaP": 68.5, "hispanic_pct": 14.8, "white_pct": 49.35, "black_pct": 13.73, "asian_pct": 12.18, "native_pct": 0, "other_pct": 9.94, "poverty_pct": 26.1}}, {"type": "Feature", "geometry": {"type": "Polygon", "coordinates": [[[-122.176613178928, 37.7712669616528], [-122.172013177878, 37.7691779619033], [-122.176652178546, 37.7663409616561], [-122.177664177774, 37.7654359608781], [-122.186154177998, 37.7600109602628], [-122.187067178654, 37.7592689596038], [-122.192843179705, 37.7620009599259], [-122.189356179271, 37.7645209598828], [-122.182938178413, 37.7686269612383], [-122.182422177906, 37.7690769617105], [-122.18216517995, 37.769615961206], [-122.182090178947, 37.7692329613712], [-122.181576179442, 37.7716669620524], [-122.18199417977, 37.7724269608814], [-122.179742179397, 37.7738979611642], [-122.177970178944, 37.7725679610802], [-122.176613178928, 37.7712669616528]]]}, "properties": {"tract": 6001408600, "pop": 7096, "burdenP": 66.9, "dpm": 0.154, "dpmP": 52.1, "pm25": 8.66, "asthma_rate": 157.3, "asthmaP": 99.2, "hispanic_pct": 52.35, "white_pct": 3.31, "black_pct": 35.19, "asian_pct": 4.26, "native_pct": 0.27, "other_pct": 4.62, "poverty_pct": 45.4}}, {"type": "Feature", "geometry": {"type": "Polygon", "coordinates": [[[-122.276861184035, 37.7714604319234], [-122.27837519296, 37.7714289534801], [-122.278502193233, 37.7683629544048], [-122.279759130015, 37.7682069272076], [-122.28615253077, 37.7694627589907], [-122.291573688061, 37.7701238754563], [-122.290756195305, 37.7710929525907], [-122.290742195625, 37.7739879534173], [-122.291154195616, 37.7748089536157], [-122.291101195882, 37.776482953182], [-122.285219195308, 37.7762899538105], [-122.281924193947, 37.7752549541468], [-122.276809194374, 37.7751389542962], [-122.276861184035, 37.7714604319234]]]}, "properties": {"tract": 6001427700, "pop": 5201, "burdenP": 38.7, "dpm": 0.157, "dpmP": 52.9, "pm25": 9.44, "asthma_rate": 64.7, "asthmaP": 74.0, "hispanic_pct": 17.71, "white_pct": 48.45, "black_pct": 9.44, "asian_pct": 17.88, "native_pct": 0.04, "other_pct": 6.48, "poverty_pct": 14.7}}]}